Feature,SampleD1,SampleD2,SampleD3,SampleD4,SampleD5,SampleD6,SampleD7,SampleD8,SampleD9,SampleD10,SampleD11,SampleD12,SampleD13,SampleD14,SampleD15,SampleD16,SampleD17,SampleD18,SampleD19,SampleD20,SampleD21,SampleD22,SampleD23,SampleD24,SampleD25,SampleD26,SampleD27,SampleD28,SampleD29,SampleD30,SampleD31,SampleD32,SampleD33,SampleD34,SampleD35,SampleD36,SampleD37,SampleD38,SampleD39,SampleD40,SampleD41,SampleD42,SampleD43,SampleD44,SampleA1,SampleA2,SampleA3,SampleA4,SampleA5,SampleA6,SampleA7,SampleA8,SampleA9,SampleA10,SampleA11,SampleA12,SampleA13,SampleA14,SampleA15,SampleA16,SampleA17,SampleA18,SampleA19,SampleA20,SampleA21,SampleA22,SampleA23,SampleA24,SampleA25,SampleA26,SampleA27,SampleA28,SampleA29,SampleA30,SampleA31,SampleA32,SampleA33,SampleA34,SampleA35,SampleA36,SampleA37,SampleA38,SampleA39,SampleA40,SampleA41,SampleA42,SampleA43,SampleA44,SampleA45,SampleA46,SampleA47,SampleA48,SampleA49,SampleA50,SampleA51,SampleA52,SampleA53,SampleA54,SampleA55,SampleA56,SampleA57,SampleA58,SampleA59,SampleA60,SampleA61,SampleA62,SampleA63,SampleA64,SampleA65,SampleA66,SampleA67,SampleA68,SampleA69,SampleA70,SampleA71,SampleA72,SampleA73,SampleA74,SampleA75,SampleC1,SampleC2,SampleC3,SampleC4,SampleC5,SampleC6,SampleC7,SampleC8,SampleC9,SampleC10,SampleC11,SampleC12,SampleC13,SampleC14,SampleC15,SampleC16,SampleC17,SampleC18,SampleC19,SampleC20,SampleC21,SampleC22,SampleC23,SampleC24,SampleC25,SampleC26,SampleC27,SampleC28,SampleC29,SampleC30,SampleC31,SampleC32,SampleC33,SampleC34,SampleC35,SampleC36,SampleC37,SampleC38,SampleC39,SampleC40,SampleC41,SampleC42,SampleC43,SampleC44,SampleB1,SampleB2,SampleB3,SampleB4,SampleB5,SampleB6,SampleB7,SampleB8,SampleB9,SampleB10,SampleB11,SampleB12,SampleB13,SampleB14,SampleB15,SampleB16,SampleB17,SampleB18,SampleB19,SampleB20,SampleB21,SampleB22,SampleB23,SampleB24,SampleB25,SampleB26,SampleB27,SampleB28,SampleB29,SampleB30,SampleB31,SampleB32,SampleB33,SampleB34,SampleB35,SampleB36,SampleB37,SampleB38,SampleB39,SampleB40,SampleB41,SampleB42,SampleB43,SampleB44,SampleB45,SampleB46,SampleB47,SampleB48,SampleB49,SampleB50,SampleB51,SampleB52,SampleB53,SampleB54,SampleB55,SampleB56,SampleB57,SampleB58,SampleB59,SampleB60,SampleB61,SampleB62,SampleB63,SampleB64,SampleB65,SampleB66,SampleB67,SampleB68,SampleB69,SampleB70,SampleB71,SampleB72,SampleB73,SampleB74,SampleB75,SampleB76
FeatureID1,99,863,299,2332,4600,4505,309,171,63,1478,943,219,475,96,247,90,1080,493,1385,27,927,1236,32,393,28,32,0,0,3610,28,9,3594,3,5,4,0,0,0,0,1265,926,890,508,195,10,4,0,0,4,0,0,86,756,186,85,10,109,0,2,4,7,0,682,734,2976,2124,38,242,22,32,670,376,189,499,1200,364,376,1277,0,850,525,6,21,311,276,155,110,229,62,0,556,387,3,727,9,0,2,5,3,84,72,83,97,0,41,4,0,4,7,0,91,189,34,184,870,463,85,56,11,246,969,333,261,98,386,5,758,145,356,5,5,0,3,10,3,4,861,573,215,144,46,0,0,0,0,0,0,0,0,0,21,0,0,0,0,0,934,3489,29,17,27,2,0,20,4,3,3,0,10,17,84,25,0,37,40,0,3,0,0,25,15,12,3,22,77,17,4,10,4,0,14,19,10,15,19,20,117,154,38,87,5,0,0,0,0,0,0,1111,0,0,0,0,0,0,0,0,0,0,18,2,0,0,0,3,0,0,0,0,0,340,0,0,0,0,8,10,0,0,0
FeatureID2,16054,11494,15905,3043,606,4858,850,15854,6473,8439,4086,6126,6996,2654,5120,461,1481,15552,12302,228,6759,11490,2964,308,4,656,12,2,1982,9429,0,4172,0,0,0,5,0,0,0,10267,29087,7321,5452,1119,2763,12202,734,4033,7790,3134,0,10581,12988,7422,331,617,9235,234,4394,13767,837,368,5173,604,5207,6780,795,3107,5714,6599,2826,3620,469,4716,12084,4275,1722,935,4,12908,8709,358,335,1207,128,10246,518,14,14518,3986,8071,8206,4298,8811,2167,10,2778,43,6,7611,13500,15112,584,3964,2047,615,458,635,887,497,5270,6648,7863,18,2182,7966,9175,14526,18057,452,15,62,1774,150,280,102,45,120,36,188,207,150,216,454,624,725,5466,339,1119,198,282,118,6,53,470,114,390,757,0,215,0,1745,109,324,469,169,154,1059,118,58,1310,29,726,161,348,57,316,811,209,938,3449,219,9,132,386,16,23,22,1661,145,291,1442,249,156,64,150,558,79,148,280,120,213,4321,81,113,143,0,14,2401,1383,48,508,1610,189,426,861,83,893,473,545,629,18,206,986,882,617,463,319,17,2005,416,219,131,256,1148,826,166,136,110,55,2965,887,613,767,10,200,2372,350,1158
FeatureID3,0,0,0,0,0,0,0,0,7,0,0,0,0,0,0,0,0,2425,0,0,0,0,0,0,0,0,4,0,0,0,0,0,0,0,0,0,0,0,0,0,0,0,0,0,1726,442,42,1683,2789,5051,0,156,48,588,346,20,133,12,29,266,0,7,188,10,77,27,228,187,35,148,2731,457,81,111,5,8,0,5,0,3115,938,0,0,0,0,0,0,0,0,0,0,0,0,0,0,0,0,0,0,0,0,0,0,0,0,0,0,0,0,3945,0,0,0,0,8,6,0,0,0,376,0,95,185,114,130,386,124,256,11,288,685,303,1418,751,847,808,460,169,219,341,404,2650,3419,2648,6029,2437,1195,3277,2475,737,163,2096,1092,2206,912,39,9,107,2598,7312,155,167,1262,541,628,424,584,647,619,729,194,121,92,210,956,1080,1616,497,948,1188,664,40,97,86,124,730,1551,764,364,551,662,1134,120,144,95,315,7,357,747,566,183,311,400,295,110,210,72,824,105,218,45,105,92,841,646,223,246,255,186,1325,969,51,145,52,431,277,153,105,66,155,905,289,108,251,18,136,156,434,261
FeatureID4,818,897,233,236,42,77,498,405,230,103,1038,163,531,413,371,141,114,114,177,25,527,547,1766,321,48,167,18,64,181,93,163,15,185,34,0,473,837,252,286,51,322,404,356,191,46,55,0,13,43,18,90,123,101,45,15,47,69,0,10,42,38,0,65,142,61,695,334,857,0,48,793,157,27,427,132,102,128,14,0,118,189,20,188,78,426,780,410,87,131,34,608,91,22,597,54,36,330,166,149,125,22,92,129,216,286,20,177,668,120,0,265,79,54,16,34,823,947,380,86,1443,5065,192,2196,857,313,1682,3215,540,186,1772,1480,2013,3045,2215,975,654,501,1558,1945,2031,4693,175,294,945,77,866,754,323,62,1847,14,126,365,175,263,256,298,1103,72,184,100,146,272,2261,1838,1080,1525,2058,1557,9,512,2425,465,875,1496,662,1159,732,1091,980,12,769,1385,1099,548,1942,3124,644,1056,423,1728,41,1397,1256,1806,712,63,644,3038,2441,544,1001,168,286,160,331,103,535,50,288,52,917,164,132,506,177,252,144,96,77,284,25,812,144,125,375,159,129,137,216,156,87,93,779,29,349,186,179,82
FeatureID5,0,0,0,0,0,0,0,0,0,0,0,0,0,0,0,0,0,0,0,0,0,0,0,0,0,0,0,0,0,0,0,0,0,0,0,0,0,0,0,0,0,0,0,0,258,0,0,92,211,546,0,0,0,225,0,0,0,0,0,0,0,0,0,0,0,0,0,7,0,47,0,594,0,0,0,64,0,0,0,257,37,0,0,0,0,0,0,0,0,0,0,0,0,0,0,0,0,0,0,0,0,0,0,0,0,0,0,0,0,202,0,0,0,0,0,0,0,0,0,0,0,0,0,0,0,0,0,0,0,0,0,0,0,0,0,0,0,0,0,0,0,0,0,0,0,0,0,0,0,0,0,0,0,0,0,0,0,0,0,0,0,0,0,0,0,0,0,0,0,88,0,0,0,0,0,0,0,0,0,0,436,0,0,0,0,0,0,0,0,0,0,0,0,0,0,0,0,0,0,0,0,1384,944,1043,2443,3610,868,1843,893,494,229,1007,575,753,2625,2010,1542,467,997,1295,838,158,1152,762,481,1534,1941,530,277,992,1110,1322,496,907,96,1059,774,2214,1245
FeatureID6,0,0,0,0,0,0,5,0,5,17,0,0,0,0,0,0,0,0,0,0,0,0,0,0,0,0,12,0,0,0,0,0,0,0,0,0,0,0,12,0,0,0,0,0,274,0,0,98,294,517,0,0,318,276,49,0,0,0,0,0,0,0,19,28,25,0,11,0,0,36,13,761,8,0,25,80,0,0,0,275,55,0,0,0,0,0,0,0,0,0,0,0,0,0,0,0,0,0,0,0,0,0,0,0,0,0,0,0,0,197,0,0,0,0,0,6,0,0,0,8304,44,62,1128,355,449,1831,294,189,287,642,3084,741,2786,778,1577,2006,2935,609,1494,1912,2296,693,427,606,1473,1542,555,2307,731,579,52,363,379,267,465,2190,89,2287,377,835,16,25,321,3291,588,826,3330,6144,1420,2296,688,842,562,1174,3266,2954,1301,5440,8213,2938,1926,459,2931,1997,2184,2260,4862,2677,2513,1700,2390,6027,2374,2069,2864,1750,49,2322,4026,4158,607,1881,1389,1270,2997,4267,1309,4281,1158,893,349,1613,809,938,3746,2560,2055,635,1171,2723,1194,232,1554,1221,576,2071,2733,721,404,1358,1827,2069,679,1299,129,1367,1128,3625,1988
FeatureID7,221,459,158,342,347,247,1278,1108,470,92,334,439,138,488,1316,1142,389,144,172,12,268,1029,727,1161,2849,1394,1967,1371,588,1766,1869,192,843,819,1342,1107,908,1812,659,248,68,176,536,748,424,520,367,352,199,77,66,159,473,467,163,285,534,399,499,497,647,779,418,381,956,765,469,136,457,8,147,283,207,104,583,523,429,393,0,335,292,365,299,570,55,126,25,80,183,108,777,343,306,1102,274,30,126,631,73,168,23,286,645,2449,860,699,899,1002,557,293,221,353,690,505,31,18,222,190,297,1336,1568,1825,2086,1328,1891,656,984,2008,1857,1323,683,556,379,697,460,349,936,1635,1472,1079,1003,564,612,99,733,316,140,649,675,223,915,506,685,870,840,657,839,578,578,1064,1383,751,999,782,668,1313,599,175,727,1323,983,171,27,1670,918,806,2436,706,581,973,546,221,412,1325,681,1059,960,1262,480,406,262,550,813,304,616,902,1214,359,1323,1388,599,713,744,417,468,853,407,107,403,523,1628,903,942,997,1129,1309,914,1394,97,1150,425,397,1514,1451,1754,978,657,628,723,442,794,711,1545,2330,547,275,1238,1975,1101
FeatureID8,91,106,85,224,118,182,247,878,587,57,242,128,68,91,370,360,250,0,65,5,146,333,179,325,369,542,100,139,165,0,516,168,98,164,199,255,234,325,347,117,26,81,124,151,0,155,207,78,85,174,105,0,4,0,0,0,141,81,173,147,154,128,0,8,0,0,0,99,58,10,32,107,52,0,0,0,0,0,0,0,0,0,0,0,0,271,59,235,0,0,0,0,0,0,0,0,56,396,184,0,0,0,0,0,0,0,0,163,358,344,0,0,0,85,0,0,0,0,0,137,168,60,234,194,89,244,187,92,106,133,36,92,131,177,123,116,149,186,180,169,134,102,123,161,131,115,19,73,93,100,0,110,127,75,138,52,165,75,0,0,64,190,109,95,90,151,94,54,103,212,115,64,12,211,129,0,5,0,83,198,127,96,86,331,300,167,120,163,132,90,187,99,151,41,250,239,70,90,215,158,113,109,100,106,135,113,153,152,0,0,170,209,107,200,142,224,92,122,170,0,0,65,82,178,233,71,180,122,212,127,0,0,270,175,0,0,0,0,109
FeatureID9,33,42,12,141,51,49,379,271,430,79,145,66,34,224,414,561,214,0,286,0,194,855,417,201,475,399,270,340,104,0,945,0,73,75,154,148,397,281,359,0,14,47,244,324,0,11,177,11,204,105,194,0,0,0,0,343,16,203,22,48,156,285,0,0,0,23,0,0,0,0,0,0,0,0,0,0,0,0,0,0,0,0,0,0,96,0,0,7,0,0,0,0,0,0,215,173,226,498,438,0,0,0,0,0,35,42,114,59,170,574,0,0,0,154,0,0,0,0,0,0,133,0,0,47,39,98,40,17,0,16,0,13,0,0,9,0,0,0,0,0,0,31,0,0,0,0,0,0,0,0,0,0,0,0,0,0,19,0,0,0,0,0,0,0,0,0,0,0,0,0,11,0,0,178,0,0,0,0,0,0,0,0,0,0,0,0,0,0,0,0,0,0,13,0,23,0,0,0,53,17,0,0,13,0,0,12,0,0,0,0,22,0,67,75,26,0,0,0,0,0,0,42,63,61,64,47,0,0,0,0,0,0,63,31,0,0,0,0,71
FeatureID10,2103,1420,1151,702,1002,1175,466,840,2867,26,8816,4880,6931,464,1362,994,1286,1976,2290,38,1121,2185,433,334,54,475,92,11,978,309,6,0,97,12800,5024,2783,918,3623,1779,7,269,1937,666,213,3520,5885,6907,13385,4545,3108,741,1822,3194,847,2017,1364,6734,4443,1465,1968,2173,1365,1603,1018,564,1354,640,3914,5654,778,283,1295,1372,1381,636,286,533,229,0,1695,2770,2271,767,2190,981,6382,3136,2450,262,440,648,469,3623,3245,760,57,637,288,324,501,339,479,38,3145,9193,691,8227,2787,8251,1277,345,3457,166,17,0,93,450,1915,2245,173,24,39,408,228,7,38,68,28,0,429,178,243,728,980,1028,1014,0,0,0,17,835,593,29,152,1614,146,148,297,0,78,0,89,0,0,0,0,0,31,0,0,0,337,3851,120,1595,940,2188,1739,1368,439,62,1920,19,70,144,79,241,24,5662,3711,141,40,2020,119,108,214,1542,723,1394,1845,2798,82,51,2521,169,62,0,0,0,0,3095,641,3775,1367,1283,499,57,89,0,622,300,16,121,6593,1919,2312,301,27,0,16,427,422,130,307,6197,793,315,216,33,135,8,206,300,284,0,0,0,0,4447
FeatureID11,17,43,43,44,34,38,0,0,0,51,10,7,0,6,0,0,0,18,67,5,111,52,6,0,0,0,10,0,9,0,4,49,0,0,3,0,0,0,0,55,93,12,3,7,0,0,0,0,0,0,0,24,0,0,0,0,0,0,0,0,0,0,0,5,0,0,0,0,0,0,0,0,0,13,42,25,0,35,0,5,38,12,0,7,0,3,7,0,142,0,0,0,50,5,6,0,0,0,0,19,38,7,8,0,0,0,10,0,0,0,0,0,0,0,38,598,50,0,17,0,0,0,0,0,0,0,0,5,14,0,0,6,12,24,0,3,27,10,0,0,0,26,37,70,0,15,3,9,0,0,2,24,62,43,49,6,0,29,15,21,54,0,18,1906,180,194,320,323,135,5,107,275,227,933,1426,31,71,5,13,385,194,191,3,133,721,811,340,691,202,55,1022,211,290,528,650,1047,0,8,74,47,96,304,24,62,16,0,0,0,3,0,8,520,0,5,6,0,35,9,0,0,0,6,0,12,6,2,0,21,11,0,0,0,19,15,0,16,20,33,0
FeatureID12,801,526,74,354,971,506,4384,4084,6039,1223,1833,453,663,2429,979,577,440,230,533,4,179,690,351,3463,973,899,4227,5850,3926,165,1393,1236,4391,1951,1942,1085,1088,896,251,780,74,489,1116,2906,57,0,591,18,2311,139,5710,47,156,366,3540,758,546,1653,129,1531,2658,1650,844,1154,5191,623,2775,235,687,924,577,30,1894,171,147,1929,3529,273,0,124,205,2413,1481,310,1681,265,172,899,162,1056,747,5865,62,359,919,5052,2297,311,4545,246,64,7239,7025,69,483,2383,1074,7237,569,661,960,630,4252,5893,68,4,12,225,866,586,523,2031,211,3345,2501,172,865,1416,60,57,136,153,55,164,132,163,53,338,372,233,128,344,1054,155,725,385,102,588,1116,56,119,218,264,233,289,327,489,406,125,88,456,116,87,97,413,250,59,73,72,210,352,49,19,3000,144,348,77,345,128,136,196,137,255,159,1364,153,26,173,314,804,18,55,41,139,185,918,155,80,75,280,400,241,131,172,310,43,875,55,154,426,764,105,1845,71,122,204,120,100,699,345,191,227,390,845,144,306,300,432,520,629,76,195,1189,247,132,230,214,171,111
FeatureID13,113,338,18,79,18,28,136,1301,58,0,99,167,47,1746,1425,148,91,0,15,0,25,119,73,15,87,27,0,0,45,20,422,0,1876,338,49,1881,1337,309,297,56,72,97,52,29,0,0,0,261,476,293,10,0,0,0,0,0,0,0,290,568,97,26,0,0,0,0,0,0,12,725,956,420,112,0,0,0,0,0,0,0,0,56,76,65,0,278,2035,66,106,41,31,0,69,38,1139,420,31,25,0,15,1217,108,0,119,64,156,578,41,119,22,16,43,13,0,12,291,255,101,52,0,0,0,0,0,0,0,0,0,0,0,0,0,0,0,0,0,0,0,0,0,0,0,0,0,0,0,0,0,0,0,0,0,0,0,0,0,0,6,0,0,0,0,0,0,0,0,0,0,0,0,0,0,0,0,0,0,0,0,0,0,0,0,0,0,0,0,0,0,0,0,0,0,0,0,0,0,0,0,0,0,0,0,0,0,0,0,9,0,0,0,0,0,0,0,0,10,0,37,0,0,0,0,0,0,0,0,0,0,17,0,0,0,0,0,0,0,0,0,0
FeatureID14,2759,2302,8825,705,0,2103,132,813,305,3549,1243,1071,131,900,1015,465,520,1661,1712,49,1610,2277,961,10,5,17,0,12,13,945,412,2990,29,1133,82,391,837,160,7,484,627,171,6,6,147,1918,5,6068,682,1310,0,969,5208,8059,89,7,5257,3,4387,1349,85,69,91,1006,5533,11511,38,500,432,2944,2473,4213,103,13,2208,4870,601,5245,0,2330,2648,0,6,315,81,3094,1206,20,37,439,301,497,652,75,15366,1099,175,11,6,286,5392,10,16,25,6,7908,1788,10,1494,85,274,1488,0,0,6554,1843,545,187,491,3,0,0,0,0,0,2,3,0,9,0,0,0,0,0,0,0,10,3,0,0,3,0,0,5,0,18,0,0,3,0,2,2,0,0,0,2,0,6,14,2,3,5,0,22,0,0,4,0,2,0,0,0,0,0,5,0,5,9,5,8,4,0,15,5,0,6,0,3,8,0,0,33,0,0,0,4,20,35,13,6,0,10,23,12,6,13,0,4,6,0,3,21,0,0,0,4,0,0,0,4,0,0,0,0,6,4,6,0,0,0,0,0,0,0,6,6,6,0,4
FeatureID15,16,62,14,12,44,455,184,409,20,9,65,18,24,328,1397,2117,473,1219,15,0,45,9,143,9,240,277,21,54,94,60,100,0,16,17,24,30,53,29,3743,244,23,0,21,0,1352,1465,655,5932,1210,1543,246,259,14475,1024,9062,2095,104,3238,3059,828,807,5228,16,19708,454,4931,1490,996,1148,11093,4903,782,9821,36,12446,1286,2751,0,0,75,680,657,102,436,0,28,8932,427,396,1119,511,54,571,286,869,171,154,1724,111,118,2801,192,58,1988,120,54,52,62,921,4056,194,872,56,19,11,1420,380,217,456,10,0,0,39,0,0,7,6,7,0,22,0,0,0,0,0,36,0,0,0,0,6,0,0,0,0,11,0,13,0,0,0,0,0,0,0,0,0,497,0,0,0,14,0,114,5,0,11,10,66,4,6,7,0,567,119,0,5,48,0,49,65,0,0,0,266,473,5,0,14,0,63,16,0,9,9,461,0,25,2179,4,0,124,0,0,0,0,0,0,0,0,0,34,69,0,0,95,0,60,5,0,0,11,27,196,6,0,7,0,0,0,0,0,16,190,0,756,143,17,3
FeatureID16,20,14,10,36,85,67,38,77,30,0,43,31,37,9,163,227,93,0,0,0,21,96,73,23,55,280,42,19,0,0,12,0,0,8,70,50,176,217,421,0,0,0,0,17,88,23,77,0,9,33,0,11,24,9,0,0,58,27,114,42,40,34,14,137,42,10,0,0,0,0,0,0,12,0,19,0,0,24,0,0,12,0,0,0,0,0,0,0,0,0,0,0,0,0,0,0,0,0,0,0,0,0,0,0,0,0,0,0,0,70,0,0,0,0,0,0,0,0,0,652,1038,571,968,336,275,1555,917,489,474,849,296,524,644,1057,747,478,358,800,721,758,845,683,681,816,470,384,56,843,449,864,503,529,1217,475,665,351,857,221,601,832,864,1145,514,164,207,435,300,199,228,380,525,182,88,257,278,321,610,206,124,392,352,455,498,993,662,273,406,590,389,185,643,350,650,143,782,680,364,368,1074,1011,345,323,435,427,494,395,435,383,348,417,548,1015,108,858,403,640,385,479,591,543,145,293,246,484,728,100,267,615,649,194,507,149,821,286,227,105,312,578,627
FeatureID17,0,0,0,0,0,0,0,0,0,28,0,0,0,0,53,0,0,81,0,0,0,0,0,0,0,0,14,0,0,4,0,160,0,0,0,0,0,0,0,0,0,0,0,0,0,0,0,0,0,0,0,0,0,0,0,40,0,0,0,0,0,57,23,15,0,0,151,63,54,497,0,0,0,17,9,27,97,81,0,34,19,0,110,62,0,0,0,0,0,0,0,0,0,0,0,0,0,0,26,0,0,0,0,0,0,0,0,0,0,0,0,0,0,69,78,32,0,0,0,134,199,0,555,2046,0,0,0,0,240,0,189,330,0,47,0,38,0,0,0,533,728,2020,1110,228,1690,1290,1163,987,3166,661,26,738,769,181,287,290,550,9,87,242,1455,2489,2061,444,2667,0,44,34,0,10,2259,0,204,1105,659,0,0,0,0,0,48,31,0,859,138,1253,768,0,0,0,0,0,464,0,1565,2334,67,0,24,136,1705,745,365,83,605,319,10848,523,1762,1374,78,112,663,431,1021,628,0,570,660,2029,3477,0,14,706,1046,3796,1390,0,642,3496,783,4664,24,308,109,57,427,2197,658
FeatureID18,0,0,0,0,0,0,0,0,0,98,0,0,0,0,0,0,0,0,0,0,0,0,0,0,0,0,0,0,0,0,0,0,0,0,0,0,0,0,0,0,0,0,0,0,0,0,0,0,0,0,0,0,54,0,0,0,0,0,0,0,0,0,0,0,0,0,0,0,0,0,0,0,0,0,0,0,0,0,0,0,0,0,0,0,0,0,0,0,0,0,0,0,0,0,0,0,0,0,0,0,0,0,0,0,0,0,0,0,0,0,0,0,0,0,0,0,0,0,0,1099,37,265,137,317,1995,483,0,0,38,253,0,19,0,0,0,11,75,575,2007,1881,223,0,12,0,0,0,0,20,0,0,16,0,0,0,0,0,0,0,0,0,0,49,0,0,0,0,0,0,0,0,0,0,0,0,0,0,0,0,0,0,0,0,0,0,0,0,0,0,0,0,0,0,0,0,0,0,798,338,0,0,0,0,0,0,0,0,0,0,0,0,0,0,0,0,0,0,0,0,0,0,0,0,0,0,0,0,0,0,0,0,0,0,0,0,0,0,0,0,0
FeatureID19,80,207,443,119,194,249,0,0,0,0,102,41,81,19,15,10,74,39,64,0,112,86,91,24,0,0,0,0,93,8,15,5,0,0,0,0,0,0,0,46,219,158,45,44,0,0,0,0,0,0,0,43,29,22,0,0,0,0,0,0,0,0,15,15,23,46,0,11,0,0,8,0,0,147,142,256,97,32,0,26,106,11,0,19,6,16,7,19,143,10,12,0,118,0,0,0,0,0,0,87,190,0,0,0,0,0,0,0,0,0,0,0,21,0,37,314,38,10,59,0,0,0,0,0,0,0,0,0,0,0,0,0,0,0,0,0,0,0,0,0,0,0,0,0,0,0,0,0,0,0,0,0,0,0,0,0,0,0,0,0,0,0,0,0,6,0,0,0,0,0,0,0,0,18,337,0,0,0,0,0,0,0,0,0,0,30,8,0,0,0,0,0,0,0,0,0,0,0,0,0,0,0,0,0,0,0,0,0,0,0,0,0,0,0,0,0,0,0,0,0,0,0,0,0,0,0,0,0,0,0,0,0,0,0,0,0,0,0,0
FeatureID20,0,0,0,0,0,0,4,0,3,0,0,0,0,0,0,0,0,0,0,0,0,0,0,0,0,0,36,0,0,3114,0,2,0,0,0,0,0,0,5,0,0,0,0,0,0,0,0,0,0,0,2,0,0,0,0,0,11,0,0,0,0,0,0,0,0,0,0,0,0,0,0,0,0,0,0,0,0,0,0,0,0,588,475,446,0,6,3,710,1183,13,887,43,39,3076,7,0,9,53,14,508,6,94,182,1545,36,0,0,0,4,0,141,114,408,3,1713,78,264,52,187,0,0,0,0,0,0,0,0,0,0,0,0,0,0,0,301,1695,0,0,0,0,0,0,0,0,0,0,0,0,0,2,0,0,0,0,0,0,0,45,0,0,0,0,0,6268,2349,3684,2682,2538,3941,5042,153,2598,496,3112,5424,2715,2222,1029,1463,7235,3077,0,3478,4314,9092,5887,3769,4088,2927,2931,4587,3255,0,2777,4431,3329,0,0,0,0,1900,5888,2951,1795,2173,1928,1950,3052,1734,1561,3027,3407,2469,2607,3108,2973,1833,2958,922,2154,568,1053,2791,4752,3201,1509,3038,1372,2200,1505,3550,968,1271,2354,3712,2018,1152,1377,1591
FeatureID21,46,373,128,271,423,554,72,76,165,437,379,69,181,138,363,346,602,32,48,0,120,232,0,16,136,38,0,15,0,0,84,619,19,27,100,223,100,182,67,38,11,33,40,28,31,36,0,13,26,31,132,17,31,61,67,120,601,91,278,224,79,71,105,335,628,511,120,246,147,0,194,537,151,59,152,300,440,856,0,55,77,0,83,519,0,0,0,363,19,0,0,0,0,0,0,0,0,0,13,0,0,0,0,0,0,0,0,0,97,34,0,0,0,24,221,9,0,0,0,191,77,85,191,218,90,114,134,109,275,67,33,119,94,205,105,358,149,143,92,150,63,0,0,26,0,0,26,14,0,93,203,137,216,130,323,116,136,225,268,125,104,50,0,784,598,778,764,820,1190,459,120,755,38,350,660,403,986,562,908,1273,628,68,557,192,481,1035,701,823,550,486,429,755,49,455,447,574,38,25,103,101,628,594,372,474,483,745,445,476,356,282,135,372,557,437,448,602,841,770,249,451,135,49,338,630,558,403,644,648,529,340,658,211,128,310,826,549,438,320,228
FeatureID22,385,298,138,1036,803,507,2029,69,203,432,347,272,208,132,316,683,373,308,800,18,630,1268,1819,1468,273,2312,248,365,1541,216,2654,1036,624,119,169,62,133,403,516,448,128,427,1146,1741,481,207,83,20,10,0,0,122,306,203,257,43,220,33,248,102,77,29,245,939,1201,829,853,602,343,0,112,174,154,38,771,379,1054,1277,0,461,416,209,81,424,0,45,0,6,336,58,475,336,635,1018,212,0,44,343,1088,209,0,766,1485,1259,532,336,260,798,103,0,751,418,186,1070,37,28,165,341,68,2825,1546,2180,2789,2104,1660,1722,1622,1757,1621,1083,710,869,1077,1560,1065,320,1170,2258,1709,1724,1446,1353,1016,1284,2300,1895,638,1821,823,892,1056,761,1093,835,710,526,1070,641,1220,1437,1620,1317,1024,430,242,178,297,445,335,1127,1398,101,15,421,473,232,382,302,599,252,545,1256,128,300,646,441,251,321,200,347,119,359,1101,77,99,538,1982,1328,1940,1797,258,1248,680,628,896,985,511,749,160,480,994,556,1169,938,863,1207,1004,811,620,611,332,532,1092,1391,1100,743,948,638,439,392,634,408,1576,1232,354,159,693,854,876
FeatureID23,15,17,10,117,56,57,34,0,44,20,18,17,7,11,74,146,40,21,14,0,30,81,211,53,24,175,31,36,24,41,73,14,8,15,79,58,43,101,110,11,0,5,17,17,118,0,14,13,8,18,0,12,20,61,49,70,0,0,25,36,15,27,17,225,123,32,33,0,5,0,0,9,5,9,60,45,65,114,0,45,18,19,25,28,0,0,0,0,12,0,142,7,0,37,0,0,0,0,0,12,0,16,52,54,46,9,33,0,0,31,16,9,134,38,25,13,16,8,19,217,669,460,461,822,391,357,832,646,716,430,312,305,528,706,477,434,621,591,246,148,237,254,135,294,290,625,208,237,286,320,1087,359,439,246,431,135,76,65,589,355,378,407,254,850,564,863,663,193,442,249,434,341,24,369,660,1179,1964,705,389,420,148,313,589,315,791,773,978,1097,392,224,254,276,571,387,650,710,870,618,363,413,377,371,185,423,290,242,116,170,300,234,247,218,410,441,349,260,279,275,81,224,101,169,756,417,424,496,240,156,103,54,345,235,372,423,1247,542,699,281,240
FeatureID24,497,2395,3419,5459,3635,2839,392,142,492,149,1353,375,1173,218,1389,1888,2471,649,779,19,699,2578,256,134,1133,0,0,147,415,271,732,1396,26,39,106,483,347,343,246,633,335,878,496,247,348,17,106,3,0,11,0,221,88,46,173,774,241,24,78,161,571,242,877,98,203,1239,522,1264,596,271,803,1130,637,2035,1201,1824,2426,3252,0,676,1034,638,735,923,4305,2112,175,22,1779,64,477,634,282,286,245,4,47,92,11,1062,21,85,0,152,21,0,12,89,89,0,1820,524,1230,220,5026,994,863,296,334,0,0,0,0,0,0,13,0,0,5,0,4,0,0,5,19,5,45,104,0,0,0,49,0,12,146,23,74,0,0,0,0,6,7,0,0,0,0,0,0,72,109,53,150,82,0,52,15,0,10,0,0,26,0,15,40,0,0,0,0,0,34,20,0,214,60,16,19,33,0,0,6,14,5,0,34,90,9,22,319,24,38,669,100,258,69,57,85,0,0,0,52,136,147,243,101,20,275,212,32,46,30,115,56,314,92,18,33,188,114,93,87,0,156,171,22,9,0,14,85
FeatureID25,441,983,137,311,768,716,337,27,482,22,187,70,185,395,640,410,581,13,99,3,73,210,12,325,283,52,322,977,69,0,32,4,196,113,292,295,193,346,356,0,11,16,15,49,150,106,60,10,81,47,0,18,22,11,10,10,430,169,330,636,866,153,18,106,796,1031,452,109,699,0,380,639,410,17,288,293,1009,211,0,107,96,0,0,0,0,9,0,0,0,0,0,0,0,0,0,0,0,0,0,0,0,0,0,0,0,0,0,0,0,7,0,0,0,164,0,0,0,0,0,8,569,686,54,129,1231,335,408,800,65,1431,1206,2408,2537,3781,1982,478,30,135,189,47,5,2205,934,2355,3177,3693,1484,3572,1361,2347,1154,1705,1754,1621,1839,1470,817,179,1023,1956,1482,1333,1432,377,778,855,754,251,504,392,68,94,25,292,375,583,1656,1310,654,697,390,306,267,280,673,407,939,1093,867,298,246,264,54,170,346,990,51,28,0,0,137,2885,1677,1417,1933,1687,474,97,1076,1000,723,1322,2946,1872,2730,2463,1523,1023,38,1592,529,417,2867,2980,2304,1860,2408,1106,480,29,1586,1167,1203,2379,993,410,978,975,1181
FeatureID26,0,0,0,0,0,0,0,0,0,0,8,0,0,0,0,0,9,0,0,0,0,0,0,0,11,13,0,6,0,250,0,0,0,0,0,0,8,4,1168,0,0,0,0,0,1093,869,133,1122,426,428,572,0,30,0,26,4700,139,222,2125,119,229,683,0,319,0,425,2187,740,50,1739,30,317,534,0,33,0,0,0,0,0,0,204,635,136,0,95,527,1045,0,0,227,360,428,300,84,83,108,1057,122,0,67,51,246,627,463,56,27,142,192,619,0,0,69,66,0,0,0,0,26,0,0,0,0,0,0,0,0,0,0,0,0,0,0,0,0,0,0,0,0,0,0,0,0,0,0,0,0,0,0,0,0,0,0,0,0,0,0,0,0,0,0,0,0,0,0,0,0,0,0,0,0,0,0,0,0,0,0,0,0,0,0,0,0,0,0,0,0,0,0,0,0,0,0,0,0,0,0,0,0,0,0,0,0,0,0,0,0,0,0,0,0,0,0,0,0,0,0,0,0,0,0,0,0,0,0,0,0,0,0,0,0,0,0,0,0,0,0,0,0
FeatureID27,0,0,0,0,0,0,12,0,0,0,0,0,0,32,44,32,0,0,0,0,0,0,0,18,0,0,25,0,0,0,0,0,18,0,0,14,34,15,0,0,0,0,0,20,0,0,0,0,30,0,83,0,29,0,0,0,0,0,0,0,0,0,20,0,0,0,0,0,0,0,0,0,0,0,0,0,0,0,0,0,0,77,102,0,18,23,0,27,0,54,0,90,0,0,0,59,40,16,93,16,0,91,61,53,15,98,16,0,0,92,18,18,86,14,24,0,0,14,0,288,930,1483,212,652,277,763,1165,943,0,438,515,520,165,236,0,0,52,362,171,331,226,230,155,23,927,53,60,143,1879,64,41,495,629,173,432,456,522,60,90,60,63,66,482,0,83,118,40,81,91,39,25,0,0,45,0,45,29,278,130,214,64,79,46,47,17,37,52,63,119,136,61,43,23,23,70,25,83,31,45,99,103,0,0,123,209,147,1338,108,0,87,89,79,116,77,79,202,92,115,122,606,123,77,143,84,64,184,221,191,260,489,94,179,120,236,85,152,206,357,130
FeatureID28,16,0,0,0,0,14,118,83,16,44,50,20,0,20,33,24,16,80,16,0,0,0,28,86,56,0,0,0,26,13,80,190,88,48,89,30,47,50,0,91,14,32,62,59,0,0,80,20,46,39,76,0,0,0,64,101,22,0,0,42,56,51,75,94,138,135,49,12,38,55,16,0,31,39,0,35,43,11,0,34,32,65,67,14,74,59,33,53,10,91,24,56,12,42,61,207,107,83,0,13,0,103,103,11,4,131,49,49,30,121,55,29,81,36,71,120,12,77,36,17,0,0,75,10,0,0,0,0,0,0,0,0,0,0,0,0,0,12,0,0,15,0,0,0,31,30,0,0,24,0,33,0,0,0,0,0,0,0,0,0,0,22,9,0,0,0,0,0,0,0,0,36,0,0,0,0,0,0,0,54,0,0,0,0,53,0,0,0,14,0,0,0,0,35,37,15,38,79,28,13,27,6,0,12,0,0,52,0,9,0,7,0,90,13,0,0,11,0,14,0,0,0,15,17,0,13,15,9,73,36,0,0,0,0,19,13,0,13,0
FeatureID29,0,0,0,69,23,9,796,60,86,0,68,86,346,115,82,199,161,76,34,0,29,183,583,1633,519,378,645,239,577,0,942,10,690,224,55,0,21,29,0,10,23,98,223,552,0,0,280,37,86,24,36,0,11,7,14,13,13,83,0,0,0,0,0,0,6,37,45,0,7,0,0,0,0,20,0,35,68,114,0,84,25,16,47,9,15,15,0,11,0,23,0,8,0,0,0,8,26,145,10,0,0,18,14,0,0,10,13,41,0,42,0,0,22,371,0,0,0,12,0,89,144,156,99,267,15,90,26,0,15,6,7,28,0,6,5,15,0,34,8,16,51,47,10,18,91,27,0,30,29,13,4,72,139,19,30,18,54,0,128,68,86,43,40,5,0,0,7,0,0,0,5,8,0,404,0,11,0,52,0,0,0,14,15,22,6,0,0,0,0,0,0,0,11,10,0,0,38,64,5,0,11,6,0,7,6,0,27,0,11,5,17,8,89,0,16,4,0,6,0,11,13,0,28,38,35,57,0,0,10,9,0,21,51,18,12,68,59,7,0
FeatureID30,0,0,0,0,0,0,0,0,0,27,0,0,0,0,0,0,0,0,0,0,0,0,0,0,0,0,13,0,0,0,0,0,0,0,0,0,0,0,0,0,0,0,0,0,0,0,0,0,0,0,0,0,0,0,0,0,0,0,0,0,0,0,0,0,0,0,0,0,0,0,0,0,0,0,0,0,0,6,0,0,0,0,0,0,0,0,0,0,0,0,0,0,0,0,0,0,0,0,0,0,0,0,0,0,0,0,0,0,0,0,0,0,0,0,0,0,0,0,0,36,105,90,90,35,155,148,130,164,1260,119,27,13,17,64,55,248,324,37,26,28,22,5,3,0,76,6,0,52,0,0,427,14,12,7,8,0,12,553,194,22,54,79,42,1338,319,491,571,684,1365,1217,127,1089,77,799,1488,275,993,487,991,1487,1250,534,1129,664,2074,1541,924,447,403,339,590,1125,106,796,1074,876,840,414,260,36,823,262,120,171,375,763,598,790,50,113,267,76,309,159,211,587,898,1487,1215,423,144,336,321,393,214,160,614,850,748,1010,533,137,779,420,242,292,77,172,304
FeatureID31,0,0,0,0,0,0,0,0,0,0,0,0,0,0,0,0,0,0,0,0,0,0,0,0,0,0,0,0,0,736,0,0,0,0,0,0,0,0,0,0,0,0,0,0,0,0,0,0,0,0,676,0,0,0,0,0,0,0,0,0,0,0,0,0,0,0,0,0,0,0,0,0,0,0,0,0,0,0,0,0,0,219,722,1258,0,0,0,283,308,23,1125,812,197,1184,1678,0,0,215,403,137,0,1033,1103,1517,2510,1099,958,611,405,0,161,176,163,0,132,10,210,73,203,0,0,0,0,0,0,0,0,0,0,0,0,0,0,0,0,0,0,0,0,0,0,0,0,0,0,0,0,0,0,0,0,0,0,0,0,0,0,0,0,0,0,0,0,0,0,0,0,0,0,0,0,0,0,0,0,0,0,0,0,0,0,0,0,0,0,0,0,0,0,0,0,0,0,0,0,0,0,0,0,0,0,0,0,0,0,0,0,0,0,0,0,0,0,0,0,0,0,0,0,0,0,0,0,0,0,0,0,0,0,0,0,0,0,0,0,0,0,0,0
FeatureID32,0,11,20,4,10,4,8,8,110,9,5,13,3,0,17,6,15,13,0,0,5,5,0,0,8,0,52,3,0,0,10,35,0,8,0,9,0,10,48,0,0,0,0,0,114,56,71,41,9,9,0,0,160,127,65,6,38,47,17,0,8,15,0,158,5,35,52,16,28,9,4,0,0,0,33,18,16,9,4,0,0,0,15,0,0,16,5,0,0,0,8,0,0,0,0,0,5,4,0,0,0,8,6,0,0,0,0,0,5,43,6,0,5,0,100,96,3,0,0,2531,2563,2273,4882,6878,2942,2094,3636,5277,11717,4744,5236,5019,7048,8111,5288,6277,8683,8379,3898,3242,6010,6806,6674,11319,8309,13014,4531,9095,9371,5328,15924,13425,13341,11416,10206,9064,8741,9222,11951,9639,9080,11079,9654,4212,5739,8878,5340,5132,7892,1267,2527,4302,342,2954,3528,7698,15774,6289,13732,11944,1592,3292,5795,8744,4337,3823,7257,6249,3370,7007,6111,2397,3685,3920,7242,4517,12511,9740,3383,6861,7499,4177,7587,8400,5506,9846,2951,3176,5641,5391,3630,5199,2842,10244,9121,8348,7713,3057,1167,4525,2733,1576,6335,3269,9248,13365,6783,4776,1569,647,6038,5356,3844,5164,10792,8736,9378,9147,7586
FeatureID33,0,0,0,0,0,0,0,0,0,0,0,0,0,0,0,0,0,0,0,0,0,0,0,0,0,0,0,0,0,0,0,0,0,0,0,0,0,0,0,0,0,0,0,0,0,0,0,0,0,0,0,0,11,0,0,0,0,0,0,0,0,0,0,0,0,0,0,0,0,0,0,0,0,0,13,0,0,0,0,0,0,0,0,0,0,0,0,0,0,0,0,0,0,0,0,0,0,0,0,0,0,0,0,0,0,0,0,0,0,0,0,0,0,0,0,0,0,0,0,276,1139,843,88,76,0,955,2271,1610,0,342,99,0,102,33,47,89,0,0,0,0,310,0,0,0,0,0,16,0,0,0,20,248,556,132,63,266,246,0,58,334,0,0,0,0,17,0,0,0,0,0,10,0,0,0,0,0,0,0,28,0,0,0,887,0,0,0,0,0,0,0,0,0,0,0,34,0,0,0,0,232,31,0,0,0,0,0,0,0,0,0,0,0,0,0,0,0,0,0,0,0,0,0,0,0,0,0,0,0,0,0,0,0,0,0,0,41,348,0,0
FeatureID34,0,0,0,0,0,0,0,0,0,0,0,0,0,0,0,0,0,1720,0,0,0,0,23,0,55,99,0,10,0,0,19,0,0,0,0,0,0,0,2696,0,0,0,0,0,369,293,23,381,169,146,592,19,443,0,22,871,53,384,497,44,69,764,0,3374,0,78,761,586,81,1350,32,54,1251,0,685,0,0,11,0,132,1291,64,1893,219,0,62,1507,988,144,54,0,0,43,243,242,1184,267,3051,156,88,267,0,0,94,471,47,319,252,282,663,356,35,0,120,0,963,177,87,45,0,0,0,0,0,0,0,0,0,0,0,0,0,0,0,0,0,0,0,0,0,0,0,0,0,0,0,0,0,0,0,0,0,0,0,0,0,0,68,0,0,0,0,0,0,0,0,0,0,0,0,0,0,0,0,0,0,0,0,0,0,0,0,0,0,0,0,0,0,0,0,0,0,0,0,0,0,0,0,34,0,0,0,0,0,0,0,0,0,0,0,0,0,0,0,0,0,0,0,0,0,0,0,0,0,0,0,0,0,0,0,0,0,0,0,0,0,0,0,0
FeatureID35,220,173,34,98,88,102,1399,299,97,791,105,81,123,72,209,52,50,78,83,0,199,643,68,493,463,258,357,318,460,33,1313,605,162,126,232,222,125,240,113,106,58,65,174,277,11,21,27,13,20,7,0,13,142,73,22,87,253,85,108,83,148,118,252,804,367,267,102,45,216,0,158,187,124,14,138,549,342,640,0,18,84,14,28,37,14,21,0,9,21,0,32,10,19,49,29,0,0,0,0,0,0,33,23,39,10,0,0,9,0,0,66,22,24,341,200,51,51,121,7,1488,1267,1519,2580,2082,2669,1508,1062,1482,3671,1101,537,1042,1879,2686,1968,2553,2436,2426,1127,1085,1035,1085,670,1188,1708,1347,543,2359,633,1082,2004,576,1406,1227,1102,443,2042,2247,1989,2439,2137,1625,1699,2780,2213,1187,1599,1361,543,1857,2038,2183,160,2494,3077,102,2197,1413,2705,486,1113,1822,1900,3178,5065,2913,1829,1105,1128,1179,270,874,2162,1885,1356,3458,3815,1968,3820,2611,1864,2373,1610,1462,2116,2656,919,1903,540,767,2527,1758,1360,2237,1862,2965,2862,2124,1439,1111,704,831,2251,2074,2403,2112,2293,1776,1269,911,1577,1294,2902,2806,2082,1031,1790,2054,2208
FeatureID36,978,1080,233,619,543,689,1319,61,1142,488,1119,1462,742,309,1777,772,924,425,959,28,1169,2783,634,2839,1721,1024,773,1319,516,1077,4300,1180,776,848,2400,3335,819,1686,917,723,100,674,1264,624,1578,1252,1201,889,479,1191,382,360,696,886,569,1732,1512,737,1665,1199,857,1165,296,1439,1494,727,1018,713,542,0,479,824,388,62,173,348,685,1302,0,984,392,171,485,1745,0,19,142,2444,251,50,1819,346,24,2075,773,77,169,4341,614,74,5,302,448,1513,1747,655,976,288,1283,1382,232,186,578,753,1755,552,1764,315,230,401,488,201,480,422,92,610,408,286,416,495,347,540,897,756,634,746,255,401,421,383,471,268,431,425,188,326,83,419,791,255,236,435,771,249,390,496,344,118,502,301,455,429,265,91,321,451,335,225,342,490,167,184,68,867,192,32,512,347,336,408,355,242,343,548,464,200,299,258,136,255,566,132,246,249,669,286,261,206,504,331,303,163,342,339,338,201,284,385,297,508,428,278,167,529,317,331,95,204,356,313,150,50,215,293,547,139,213,156,283,158,501,214,219,232,327,324,409,555,440
FeatureID37,0,0,0,0,0,0,0,0,0,0,0,0,0,0,0,0,0,0,6,0,0,0,1128,587,37,88,10,64,495,746,1128,677,27,5,27,50,7,60,20,391,189,482,483,401,563,273,24,0,22,4,0,340,799,457,323,105,133,38,28,94,14,8,187,239,1880,905,212,111,169,3,115,80,18,413,1666,1660,665,0,0,0,0,55,25,347,0,349,4,48,477,0,738,22,1456,1174,224,0,12,0,3,273,12,135,112,762,96,237,129,18,95,0,259,68,111,108,2176,455,529,436,189,0,0,0,0,0,0,0,0,0,0,0,0,0,0,0,0,0,0,0,0,0,0,0,0,0,0,0,0,0,0,0,0,0,0,0,0,0,0,0,0,0,0,0,0,0,0,0,0,0,0,0,0,0,0,5,0,0,0,0,0,0,0,0,0,0,0,0,0,0,0,0,0,0,0,0,0,0,0,0,0,0,0,447,288,269,65,276,68,77,55,93,484,521,285,270,266,172,246,139,33,89,63,211,738,533,391,277,143,142,104,35,126,117,708,1186,92,64,98,177,215
FeatureID38,0,0,0,114,24,11,132,119,155,90,521,115,110,147,163,21,0,10,9,0,0,0,113,318,350,0,71,342,319,0,874,76,831,652,815,372,666,311,125,15,0,60,212,220,0,0,21,0,0,0,0,0,0,0,0,0,0,0,0,6,223,76,0,0,0,0,18,24,51,34,36,29,12,0,0,0,0,19,0,0,0,0,0,0,0,0,0,0,0,0,0,0,0,0,0,0,0,0,0,0,0,0,0,0,0,0,0,0,0,0,0,0,0,342,0,0,0,0,0,72,0,0,0,24,46,0,0,0,0,0,18,0,0,0,0,0,0,0,0,79,0,13,23,0,53,34,0,101,0,0,0,0,0,0,0,0,0,0,25,0,28,52,23,0,0,0,0,0,0,0,0,0,0,60,0,0,0,0,0,0,0,0,0,0,0,0,0,0,0,0,0,0,0,0,0,14,0,16,0,0,0,70,21,9,0,0,0,0,45,95,129,91,84,24,21,0,0,0,0,11,39,72,65,5,11,0,0,0,0,0,33,43,111,76,0,0,0,0,40
FeatureID39,5621,4687,1150,4821,4628,6530,7914,224,1858,3720,4831,6239,4710,3363,14539,10731,7776,2483,4269,206,6353,11337,10782,7954,7653,8442,2085,5038,4835,5495,15519,5142,4385,2114,5662,8531,8296,10876,9881,6061,1541,5067,8944,6710,11836,6687,5732,3208,3810,5222,561,2288,2669,4952,2040,2430,5354,3628,5045,6925,3152,3364,2744,7556,7988,5532,6165,4483,2603,9,2768,2976,1574,2341,6243,6842,6549,10334,0,5009,5519,4155,4504,11531,0,31,27,2941,3178,635,6106,1213,1262,6657,2642,291,263,7499,433,2392,0,6273,4445,8007,5039,6531,6228,4185,3548,7063,4233,2277,6528,2969,2278,593,3621,3206,2359,298,497,549,943,921,373,1364,737,320,1871,651,370,422,343,726,826,793,2265,756,494,791,892,428,611,1082,601,497,161,778,969,835,729,333,1050,293,529,590,570,148,1411,820,1287,916,514,564,779,391,657,323,886,983,434,306,114,2064,815,462,975,885,845,1538,1104,333,273,1207,519,881,1276,1544,1018,337,1830,1167,764,192,1068,1234,1123,1223,1097,750,358,422,713,495,435,669,626,1076,283,317,310,1450,312,1183,584,828,267,423,1027,285,116,224,465,511,1355,172,560,341,564,285,573,325,735,390,1626,768,357,643,534
FeatureID40,0,0,0,0,0,0,0,0,0,0,0,0,0,0,0,0,0,0,0,0,0,0,0,0,0,0,0,0,0,0,0,0,0,0,0,0,0,0,0,0,0,0,0,0,0,0,0,0,0,0,0,0,0,0,0,0,0,0,0,0,0,0,0,0,0,0,0,0,0,0,0,0,0,0,0,0,0,0,0,0,0,0,0,0,0,0,0,0,0,0,0,0,0,0,0,0,0,0,0,0,0,0,0,0,0,0,0,0,0,0,0,0,0,0,0,0,0,0,0,0,0,0,0,0,0,0,0,0,0,0,0,0,0,0,0,0,0,0,0,0,0,0,0,0,121,476,279,0,0,0,0,0,0,0,0,0,0,47,0,0,0,0,0,0,57,0,0,0,0,0,0,0,0,0,24,0,0,0,0,0,0,0,0,28,693,78,405,0,0,0,0,0,0,0,1624,483,0,0,0,0,11,134,366,439,15,6,11,38,864,752,0,233,0,0,650,0,0,0,0,28,579,0,0,179,75,261,0,14,0,33,1127,1144,0,0,0,0,64,1170,552
FeatureID41,1134,265,701,683,316,1029,250,462,623,0,2832,956,1503,1088,1834,619,1050,1671,384,0,261,1390,865,572,0,1079,69,0,1165,112,0,0,10,704,86,1493,218,748,356,413,600,2350,2118,541,57,41,219,502,1753,1538,2623,1074,1267,158,216,65,93,286,982,1226,1829,887,1727,2034,56,372,72,664,150,471,75,2364,1525,3118,521,24,80,696,0,1987,2475,1520,382,1458,13298,10640,5687,4145,86,140,42,772,1926,355,117,0,6476,195,0,159,209,287,90,519,1150,358,1790,5178,2869,614,159,170,556,35,188,1991,886,711,172,0,0,0,0,0,0,0,0,0,0,0,0,0,0,46,269,509,0,0,0,0,0,0,0,0,31,0,8,0,0,0,0,0,0,0,0,0,0,0,0,0,0,0,0,0,30,0,0,0,0,0,0,0,0,53,0,0,0,0,0,0,0,0,27,0,0,0,15,0,0,0,0,0,0,22,0,0,0,0,0,0,0,0,0,0,0,0,0,0,0,0,0,0,0,0,0,0,0,0,0,0,0,0,0,0,0,0,0,0,0,0,0,0,0,0,0,0,0,0,0
FeatureID42,287,48,179,216,73,263,56,92,111,0,670,220,368,273,416,144,241,406,4706,106,2711,3320,803,533,28,914,59,0,1044,121,0,439,0,603,76,1402,204,708,397,4986,8922,3490,1419,383,0,0,195,439,1551,1401,2185,281,287,0,41,0,80,215,813,1171,1583,860,377,448,0,106,0,572,156,418,75,1999,1380,751,124,0,0,0,0,476,597,1417,381,1345,12077,9818,4887,3570,1031,1740,396,702,1860,377,109,0,5787,114,42,1696,2498,454,98,509,1023,304,1653,4326,2459,704,1827,2142,609,0,799,8884,3465,6673,2243,0,0,0,0,0,0,0,0,0,0,0,0,0,21,58,283,526,0,0,0,0,0,0,0,0,0,0,0,0,0,0,0,0,0,0,0,0,0,0,0,0,0,0,0,14,0,22,0,0,0,0,0,18,0,41,8,0,0,0,0,0,0,0,0,0,0,13,0,0,0,0,0,0,0,0,13,0,0,0,0,0,0,0,0,0,0,0,0,0,0,0,0,0,0,0,0,0,0,0,0,0,0,0,0,0,0,0,0,0,0,0,0,0,0,0,0,0,0,0,0
FeatureID43,0,0,0,0,0,0,0,0,0,0,0,0,0,0,0,0,0,0,0,0,0,0,0,0,0,0,0,0,0,0,0,0,0,0,0,0,0,0,0,0,0,0,0,0,0,0,0,0,0,0,0,0,10,0,0,0,0,0,0,0,0,0,0,0,0,0,0,0,0,0,0,0,0,0,8,0,0,0,0,0,0,0,0,0,0,0,0,0,0,0,0,0,0,0,0,0,0,0,0,0,0,0,0,0,0,0,0,0,0,0,0,0,0,0,0,0,0,0,0,129,119,20,123,37,31,242,161,83,34,280,26,97,174,377,126,70,142,325,250,142,168,7,18,165,53,68,6,66,13,658,25,148,211,68,143,26,199,66,835,667,603,108,78,0,0,0,0,0,0,0,0,0,0,0,0,0,0,0,0,0,0,0,0,0,0,0,0,0,0,0,0,0,0,0,0,0,22,0,0,0,0,302,47,207,42,299,20,0,137,219,101,158,12,64,9,103,10,19,0,19,0,5,29,30,175,0,6,16,157,24,37,36,18,57,27,58,184,162,149
FeatureID44,0,0,0,0,0,0,0,0,0,155,0,0,0,0,0,0,0,319,0,0,0,0,896,809,1122,679,147,327,375,0,1284,35,581,241,859,968,1918,1193,541,998,227,443,426,972,0,72,73,0,0,0,0,39,39,42,77,636,206,67,0,0,0,0,268,0,14,140,25,0,0,0,0,0,0,126,67,82,46,20,0,417,612,0,0,0,0,0,0,0,0,0,0,0,0,0,0,0,0,0,0,0,0,0,0,0,0,0,0,0,0,0,0,0,0,481,112,25,0,0,0,84,196,70,0,0,0,282,0,0,591,23,27,46,23,0,0,0,92,0,0,0,26,288,49,43,367,35,0,244,84,148,86,27,85,68,46,19,58,26,0,38,135,435,208,88,88,18,0,0,52,28,0,13,17,84,223,0,90,66,126,617,321,181,224,231,378,550,62,345,183,37,0,0,309,128,147,553,0,72,226,159,311,88,60,515,210,212,0,172,228,163,333,106,518,326,238,442,220,0,0,60,57,91,176,552,436,329,722,495,0,40,115,146,322,91,0,0,0,242,168
FeatureID45,598,1674,1368,118,115,328,201,6921,1913,2205,4084,3603,4952,99,764,680,3831,743,223,0,180,1169,1846,6182,940,4399,320,702,668,3375,9,878,84,7215,1295,1907,487,1158,564,554,1267,111,227,1094,8271,6233,10444,2638,2752,2321,3981,159,780,1458,2189,19910,4163,16100,1047,458,2692,1527,340,754,538,9822,3229,4771,11581,2948,25,2395,1891,487,166,451,999,102,0,369,216,4465,1463,10583,5013,5576,3880,1521,171,1571,1256,1293,9454,3089,1931,23,2012,132,97,433,2693,980,1092,10876,6170,7124,4792,1126,1800,2888,897,3249,1503,92,717,3019,1844,4019,1164,454,4,103,1132,263,108,47,167,102,0,2774,2852,5447,1961,8129,3233,3492,0,0,0,37,199,54,0,0,397,18,34,13,0,0,0,0,0,0,0,0,0,126,0,0,0,0,5,1136,1817,1097,1576,6470,558,4360,0,2239,43,592,862,12,117,106,4535,671,1877,0,1608,28,198,775,631,669,1070,1329,651,2956,3,1960,215,392,0,0,0,0,729,2311,774,3189,2038,5271,1496,2275,0,0,0,27,297,977,5439,474,4885,2636,11,0,0,0,275,936,129,2817,66,2039,600,337,0,0,0,567,0,0,0,0,0
FeatureID46,272,209,188,419,295,408,586,553,1836,188,542,433,476,500,826,531,664,71,129,9,274,458,275,504,1162,544,430,844,358,190,775,228,553,379,848,728,391,791,572,295,77,129,325,301,536,387,333,305,350,390,128,89,277,470,171,179,416,205,243,333,278,178,100,186,214,341,284,268,303,0,191,381,266,13,245,287,262,859,0,256,194,100,112,329,6,596,13,298,164,18,296,169,163,955,986,0,0,311,275,62,67,238,146,397,469,170,336,340,407,380,173,182,142,395,165,50,138,127,114,330,185,179,393,320,406,187,214,278,249,422,229,375,423,729,440,397,171,491,649,434,305,206,132,259,325,169,104,368,211,138,315,281,498,290,225,130,260,318,264,449,491,286,248,160,274,257,242,99,324,405,434,208,28,339,302,512,659,350,258,341,293,450,301,195,297,349,433,502,252,236,171,331,318,226,234,340,379,226,750,681,281,245,291,126,233,279,127,188,83,147,164,169,192,320,209,389,224,208,148,230,110,100,229,310,452,175,224,209,117,115,386,213,288,229,374,194,363,430,315
FeatureID47,0,0,0,0,0,0,0,0,0,0,0,0,0,0,0,0,0,0,0,0,0,0,0,0,0,0,0,0,0,0,0,0,0,0,0,0,0,0,6,0,0,0,0,0,0,0,0,0,0,0,0,0,71,0,0,0,0,0,0,0,0,0,0,0,0,0,0,0,0,0,0,0,0,0,0,0,0,0,0,0,0,0,0,0,0,0,0,0,0,0,0,0,0,0,0,0,0,0,0,0,0,0,0,0,0,0,0,0,0,0,0,0,0,0,0,0,0,0,0,1085,176,80,252,1004,520,64,35,0,301,176,302,464,170,584,608,606,245,1189,399,1478,584,95,0,0,563,357,108,209,235,40,0,12,12,93,40,20,69,784,0,0,0,239,84,0,0,0,0,0,0,0,2174,1431,18,88,0,0,0,0,0,0,0,2675,0,211,2108,815,0,0,0,0,0,0,587,0,590,972,0,405,865,916,284,316,0,585,1633,226,1243,15,144,477,210,548,386,370,626,769,2313,714,1606,1848,1087,674,1265,1735,541,1029,1366,3741,1857,1264,767,418,1476,1101,306,622,284,785,636
FeatureID48,0,0,0,0,0,0,0,0,0,0,0,0,0,0,0,0,0,0,0,0,0,0,0,17,11,0,207,200,0,0,15,22,189,73,151,68,166,188,48,0,0,0,11,49,0,0,0,0,0,0,0,0,0,0,0,0,0,0,0,0,0,0,0,0,0,0,0,0,0,0,0,0,0,0,0,0,0,0,0,0,0,0,0,0,0,0,0,0,0,0,0,0,0,0,0,0,0,0,0,0,0,0,0,0,0,0,0,0,0,0,0,0,0,25,0,0,0,0,0,0,0,0,0,0,0,0,0,0,0,0,0,0,0,0,0,0,0,0,0,0,0,0,0,0,0,0,0,0,0,0,0,0,0,0,0,0,0,0,0,0,0,0,0,25,114,0,0,0,0,0,0,0,12,155,40,0,0,0,0,0,0,15,308,44,48,98,55,24,0,0,0,0,0,0,114,162,0,0,61,295,108,0,0,0,0,0,0,0,0,0,0,0,0,0,0,0,0,0,0,0,0,0,0,0,0,0,0,0,0,0,0,0,0,0,0,0,0,0,0
FeatureID49,0,0,0,0,0,0,0,0,0,0,0,0,0,0,0,0,0,0,0,0,0,0,0,0,0,0,0,0,0,0,0,0,0,0,0,0,0,0,0,0,0,0,0,0,0,0,0,0,0,0,0,0,0,0,0,0,0,0,0,0,0,0,0,0,0,0,0,0,0,0,0,0,0,0,0,0,0,0,0,0,0,0,0,0,0,0,0,0,0,0,0,0,0,0,0,0,0,0,0,0,0,0,0,0,0,0,0,0,0,0,0,0,0,0,0,0,0,0,0,0,0,0,0,60,0,0,0,0,0,0,0,0,0,0,0,0,0,0,0,0,0,0,0,0,0,0,0,0,0,0,0,0,0,0,0,0,0,0,0,0,0,0,0,0,0,0,0,0,0,0,0,0,0,0,0,0,0,0,0,0,0,0,0,0,221,0,0,0,0,0,0,0,0,0,0,125,0,0,0,0,0,476,356,1174,1203,414,2780,903,117,1986,87,193,2027,1498,1173,1263,1489,1198,2870,0,0,0,82,1462,1459,677,299,843,1078,2347,0,0,1474,254,0,0,0,0,519
FeatureID50,0,0,0,0,0,0,0,0,0,0,0,0,0,0,0,0,0,0,0,0,0,0,0,0,0,0,0,0,0,0,0,0,0,0,0,0,0,0,0,0,0,0,0,0,0,0,0,0,0,0,0,0,0,0,0,0,0,0,0,0,0,0,0,0,0,0,0,0,0,0,0,0,0,0,0,0,0,0,0,0,0,0,0,0,0,0,0,0,0,0,0,0,0,0,0,0,0,0,0,0,0,0,0,0,0,0,0,0,0,0,0,0,0,0,0,0,0,0,0,400,42,0,241,66,0,0,0,0,0,0,18,17,0,44,42,58,12,131,52,339,166,0,0,0,0,0,0,0,0,0,0,0,0,0,0,0,0,0,0,0,0,0,0,0,0,0,0,27,0,0,0,36,0,0,552,62,43,519,0,495,2049,50,438,403,1360,51,25,0,0,0,0,0,835,424,556,0,0,0,229,259,697,408,139,991,837,177,0,0,0,0,0,197,2074,876,740,269,671,0,0,0,0,71,938,691,453,513,784,376,0,0,132,95,454,225,0,0,0,0,48
FeatureID51,521,915,539,294,1358,770,568,115,842,1196,740,323,510,386,900,297,360,153,248,14,453,370,235,949,1127,667,281,1156,486,66,2948,349,1317,469,788,400,346,498,233,291,56,465,638,1092,588,413,355,505,667,296,61,114,466,599,292,16,283,210,115,250,203,153,84,570,1032,2035,881,253,1053,0,830,935,128,75,998,1857,1495,797,0,330,527,69,48,281,0,925,11,244,135,50,193,250,672,224,573,0,0,344,138,396,93,192,157,411,288,293,620,373,404,406,145,146,169,1086,875,73,98,194,139,39,129,145,68,267,55,44,77,199,63,76,109,299,195,76,103,74,23,37,51,83,122,84,221,131,139,145,177,142,222,85,77,314,367,383,518,267,214,41,87,40,75,73,92,64,89,70,48,122,121,40,80,28,6,246,40,59,172,37,293,88,44,65,46,44,18,62,65,33,44,85,69,38,56,21,45,65,59,32,59,185,49,64,59,51,130,58,69,71,32,49,38,26,65,47,102,117,64,57,59,56,27,20,135,76,140,76,69,66,25,52,68,42,93,81,56,50,85,97,59
FeatureID52,498,1814,2779,1533,1049,1721,100,43,0,853,1402,591,869,384,739,449,2270,2947,1548,42,1171,922,0,0,0,0,0,0,0,589,0,0,0,0,0,0,0,0,0,0,0,0,0,0,1352,719,692,751,9,0,0,1269,2596,1851,768,21,128,0,7,0,14,6,587,270,373,689,294,1334,332,67,1741,973,202,1860,1320,414,441,1020,0,2246,2116,308,158,944,483,1419,300,574,1386,163,468,127,2150,3697,21,0,74,107,6,535,751,552,421,389,36,5,0,0,0,0,541,255,717,0,1558,1519,1438,442,718,0,0,0,0,0,0,0,0,0,16,0,0,0,0,0,0,5,0,0,0,0,9,0,0,298,70,65,35,0,0,22,0,6,0,0,0,0,0,0,0,119,171,134,108,125,41,28,54,96,125,0,0,0,28,44,163,5,0,0,0,17,29,0,0,22,66,345,81,132,83,71,227,317,0,0,69,41,0,0,0,0,21,69,35,28,0,17,0,0,0,0,0,0,38,53,14,0,0,0,0,0,0,0,108,39,0,0,0,0,0,0,0,0,0,0,0,0,0,0,0
FeatureID53,0,0,0,0,0,0,0,0,0,0,0,0,0,0,0,0,0,0,0,0,0,0,0,0,0,0,0,0,0,0,0,0,0,0,0,0,0,0,0,0,0,0,0,0,0,0,0,0,0,0,0,0,0,0,0,0,0,0,0,0,0,0,0,0,0,0,0,0,0,0,0,0,0,0,0,0,0,0,0,0,0,0,0,0,0,0,0,8,0,0,0,0,0,0,0,0,0,0,0,0,0,0,0,0,0,0,0,0,0,0,0,0,0,0,0,0,0,0,0,0,0,0,0,0,0,0,0,0,0,0,0,0,0,0,0,0,0,0,0,0,0,252,110,0,0,114,0,0,0,0,0,15,0,0,26,0,40,48,0,0,0,0,0,0,0,0,0,0,0,0,0,0,0,0,0,0,0,0,0,0,0,0,0,0,0,0,0,0,0,0,0,0,0,0,0,0,0,0,0,0,0,23,40,547,0,170,0,135,0,0,518,58,0,0,0,0,0,0,0,0,0,0,0,17,15,265,0,0,321,0,0,0,143,236,83,48,0,0,25
FeatureID54,0,0,0,0,0,0,0,0,0,0,0,0,0,0,0,0,0,0,0,0,0,0,0,0,0,0,0,0,0,0,0,0,0,0,0,0,0,0,0,0,0,0,0,0,0,0,0,0,0,0,0,0,0,0,0,0,0,0,0,0,0,0,0,0,0,0,0,0,0,0,0,0,0,0,0,0,0,0,0,0,0,0,0,0,0,0,0,0,0,0,0,0,0,0,0,0,0,0,0,0,0,0,0,0,0,0,0,0,0,0,0,0,0,0,0,0,0,0,0,0,0,0,0,0,0,0,0,0,0,0,0,0,0,0,0,0,0,0,0,0,0,0,0,0,55,0,0,0,0,0,427,0,0,0,0,0,0,0,287,400,92,83,0,0,0,0,0,0,0,0,1700,10,0,0,0,0,0,0,0,49,0,1545,31,0,0,0,0,0,0,0,0,0,107,96,0,0,384,586,537,307,121,0,0,0,0,0,0,0,21,0,0,0,0,0,0,0,0,0,0,0,30,0,0,0,0,22,0,0,0,0,0,0,0,0,0,0,80,0,0
FeatureID55,0,0,0,0,0,0,0,0,0,0,0,0,0,0,0,0,0,0,0,0,0,0,0,0,0,0,0,0,0,0,0,0,0,0,0,0,0,0,0,0,0,0,0,0,0,0,0,0,0,0,0,0,0,0,0,0,0,0,0,0,0,0,0,0,0,0,0,0,0,0,0,0,0,0,0,0,0,0,0,0,0,0,0,0,0,0,0,0,0,0,0,0,0,0,0,0,0,0,0,0,0,0,0,0,0,0,0,0,0,0,0,0,0,0,0,0,0,0,0,0,0,348,0,0,0,0,0,0,0,118,95,654,0,422,394,104,0,0,0,0,0,0,0,0,0,0,0,0,0,0,0,0,0,0,0,0,0,0,0,0,0,0,0,0,0,0,0,0,0,0,0,0,0,0,0,0,0,0,0,0,0,0,0,0,0,0,0,0,0,0,0,0,0,0,0,0,0,0,0,0,0,0,0,0,0,0,0,0,0,0,0,0,0,0,0,0,0,0,0,0,0,0,0,0,0,0,0,0,0,0,0,0,0,0,0,0,0,0,0
FeatureID56,0,0,0,0,0,0,0,0,0,0,0,0,0,0,0,0,0,0,0,0,0,0,0,0,0,0,0,0,0,0,0,0,0,0,0,0,0,0,0,0,0,0,0,0,0,0,0,0,0,0,0,0,0,0,0,0,0,0,0,0,0,0,0,0,0,0,0,0,0,0,0,0,0,0,0,0,0,0,0,0,0,0,0,0,0,0,0,0,0,0,0,0,0,0,0,0,0,0,0,0,0,0,0,0,0,0,0,0,0,0,0,0,0,0,0,0,0,0,0,89,205,47,0,199,182,0,0,233,0,41,0,30,21,46,71,30,0,87,131,150,0,0,46,0,0,0,0,0,0,0,0,43,0,0,0,0,0,0,0,0,0,0,0,0,0,0,0,0,0,0,0,11,0,0,0,0,0,0,0,0,0,17,0,0,0,0,0,0,0,0,0,0,0,0,0,0,0,0,0,0,0,0,0,0,0,0,0,0,0,0,0,0,0,0,0,0,0,0,0,48,0,0,0,0,0,0,0,0,0,0,0,0,0,0,0,24,0,0,0
FeatureID57,0,0,0,0,0,0,0,0,0,0,0,0,0,18,0,0,0,21,0,0,0,0,0,0,0,0,0,29,0,0,22,74,39,0,0,0,0,0,0,55,10,22,29,60,10,0,0,0,24,0,0,0,13,6,83,42,0,40,0,54,93,69,61,27,30,50,47,0,58,48,31,0,62,18,7,36,24,0,0,13,18,0,0,0,0,0,0,0,0,8,0,0,0,0,0,27,0,0,0,24,0,0,0,0,0,0,0,37,0,25,0,0,0,0,0,42,0,6,0,0,0,0,0,0,0,0,0,0,0,0,0,0,0,0,0,0,0,0,0,0,0,0,0,0,0,0,0,0,0,0,0,0,0,0,0,0,0,0,0,0,0,0,0,0,0,0,0,0,0,0,0,0,0,0,0,0,0,0,0,0,0,0,0,0,0,0,0,0,22,0,0,0,0,0,0,0,0,0,0,0,0,0,0,0,12,0,34,0,20,0,21,15,0,0,0,0,14,0,29,16,14,0,0,0,0,0,0,21,0,24,0,0,0,0,0,0,0,0,11
FeatureID58,66,58,19,35,65,19,252,125,208,388,147,31,93,270,126,67,20,0,130,0,63,193,62,358,222,98,174,248,54,27,187,0,690,160,316,73,95,150,20,0,0,0,22,143,0,8,91,10,162,19,601,0,0,0,32,19,9,126,0,29,61,102,0,0,0,0,0,0,34,0,0,0,0,0,0,0,0,0,0,0,0,240,188,98,139,18,49,62,25,253,20,201,29,58,170,776,94,143,843,82,45,233,211,40,20,584,201,653,44,164,89,64,123,192,32,13,0,0,82,0,0,87,24,0,0,30,37,46,6,0,25,0,0,0,0,0,0,0,0,0,41,117,109,9,74,66,13,135,126,22,52,29,48,43,30,42,80,51,31,36,51,73,47,23,153,162,97,148,58,23,20,22,0,187,0,19,12,47,29,14,24,99,83,0,86,17,0,54,40,186,0,8,14,47,22,23,15,34,24,74,84,4,0,0,26,4,22,15,22,40,21,0,9,6,0,26,0,0,11,0,0,0,10,11,0,12,13,10,0,0,11,38,18,0,31,22,29,22,0
FeatureID59,0,0,0,0,0,0,0,0,0,20,0,0,0,0,0,0,0,0,0,0,0,0,0,0,0,0,0,0,0,0,0,0,0,0,0,0,0,0,0,0,0,0,0,0,0,0,0,0,0,0,0,0,0,0,0,0,0,0,0,0,0,0,0,0,0,0,0,0,0,0,0,0,0,0,0,0,0,0,0,0,0,0,0,0,0,0,0,0,0,0,0,0,0,0,0,0,0,0,0,0,0,0,0,0,0,0,0,0,0,0,0,0,0,0,0,0,0,0,0,103,23,113,94,63,50,19,88,87,69,119,101,105,33,31,160,85,0,45,0,20,51,80,131,24,177,35,0,0,0,0,84,0,0,0,0,0,0,0,24,48,113,151,64,0,27,70,77,43,24,12,50,0,0,0,0,0,0,0,0,0,16,0,0,0,0,0,0,0,14,58,0,16,0,0,0,0,0,20,23,30,0,0,0,0,15,0,22,0,83,370,0,0,0,0,30,35,0,0,32,28,0,0,0,0,40,32,0,0,9,72,59,66,53,0,24,0,0,138,24
FeatureID60,0,0,0,0,0,0,12,0,0,30,0,0,7,0,51,0,0,0,8,0,0,24,0,0,0,0,0,0,0,0,0,0,0,0,0,0,0,0,0,0,6,0,9,0,0,0,0,0,0,0,0,0,0,0,0,0,0,0,0,0,0,0,47,59,20,0,41,7,11,0,42,18,105,10,0,51,173,0,0,0,0,15,0,0,0,4,0,0,0,28,0,14,0,0,0,0,0,0,0,0,0,0,0,0,0,0,0,0,0,0,52,15,24,0,11,0,0,0,0,0,0,0,0,0,0,0,0,24,0,0,0,33,13,13,0,0,0,9,20,0,0,0,0,0,0,12,0,9,10,0,0,0,0,0,0,0,0,0,0,0,0,0,0,0,0,0,0,0,0,0,0,0,0,0,0,0,0,0,0,0,0,0,0,0,0,0,0,0,0,9,0,0,0,0,0,0,0,0,0,0,0,0,0,0,0,0,0,0,0,0,0,0,0,0,0,0,0,0,0,0,0,0,0,0,0,0,0,0,0,0,0,0,0,0,0,0,0,0,0
FeatureID61,10,12,0,0,35,11,215,53,233,15,67,20,49,96,31,39,16,7,11,0,0,29,60,27,34,25,139,183,23,10,115,28,196,33,120,0,0,0,0,32,15,0,56,143,8,0,96,0,65,12,50,0,7,11,17,9,17,115,0,28,50,73,63,36,80,42,141,49,160,9,0,0,51,0,0,48,97,21,0,14,14,150,23,10,50,0,0,10,0,15,31,50,0,0,47,54,43,28,95,33,0,73,83,18,0,61,13,15,0,68,24,24,28,169,11,0,0,11,65,0,0,0,0,0,6,0,0,0,0,0,0,0,0,0,0,0,0,0,0,0,0,0,19,0,0,0,8,0,9,0,0,0,0,0,0,0,0,0,0,0,0,0,0,0,0,0,0,0,0,0,0,0,0,100,0,13,0,0,0,0,0,0,0,0,0,0,0,0,0,0,0,0,0,0,0,0,0,0,0,0,0,0,0,0,0,0,24,0,0,0,18,0,0,0,0,0,0,0,0,0,0,0,0,24,0,25,0,0,0,29,0,0,8,0,0,0,0,0,0
FeatureID62,0,0,0,0,0,0,0,0,0,0,0,0,0,0,0,0,0,0,0,0,0,0,22,87,117,38,367,556,18,25,188,31,395,62,418,32,48,83,18,0,0,0,0,25,0,0,0,0,0,0,61,0,0,0,8,0,0,0,0,0,38,53,0,15,10,0,0,0,0,0,0,0,0,0,0,0,0,0,0,0,0,0,0,0,0,0,0,0,0,0,28,0,0,0,0,7,14,0,0,0,0,0,0,0,0,35,18,35,26,0,0,0,0,77,0,0,0,0,0,0,0,0,0,0,0,0,0,0,0,0,0,0,0,0,0,0,0,14,32,0,0,0,121,0,0,0,0,29,187,10,15,11,23,11,32,56,143,0,0,0,0,0,0,0,0,0,0,0,0,0,0,0,0,220,0,0,14,44,20,0,0,0,0,0,0,0,0,0,0,0,0,0,0,0,0,0,0,0,0,0,0,0,0,0,0,0,0,0,0,0,0,0,6,0,0,0,0,0,0,0,0,0,0,0,0,0,0,0,0,0,0,0,0,0,0,18,30,0,0
FeatureID63,0,0,0,0,0,0,0,0,0,66,0,0,0,35,0,0,9,0,0,0,0,0,0,8,14,0,66,103,0,0,13,62,78,9,46,17,14,24,0,24,0,0,0,0,0,0,0,0,0,0,42,0,0,0,0,0,0,0,0,0,0,0,0,0,0,0,52,0,0,0,0,0,0,0,0,0,34,0,0,0,0,18,0,0,0,11,0,0,0,0,16,0,0,0,0,6,15,0,11,0,0,0,0,0,0,12,15,0,0,0,19,0,0,0,11,0,0,0,0,0,14,0,0,0,35,12,17,23,0,0,0,0,0,0,0,0,0,0,29,13,0,16,33,0,15,25,0,12,18,0,0,17,7,10,14,7,17,0,16,0,0,11,0,0,0,0,0,0,0,0,29,0,0,42,0,32,6,26,0,0,0,0,30,0,0,0,0,0,0,0,0,0,11,0,0,0,6,0,11,10,12,0,9,0,0,9,31,0,0,0,0,0,22,0,0,16,0,0,19,0,0,0,0,0,0,15,23,5,0,49,0,0,0,0,0,14,14,8,0
FeatureID64,16,9,0,0,0,0,0,0,31,0,14,0,0,8,0,0,0,11,9,0,0,15,23,32,13,0,14,28,79,9,108,50,64,0,0,0,0,0,0,13,18,37,63,97,0,0,0,0,15,0,17,0,14,9,18,10,20,45,0,48,20,20,46,65,42,41,25,10,39,8,23,0,61,0,13,41,50,0,0,20,0,124,44,9,56,0,0,0,0,8,13,65,7,24,69,105,21,0,13,0,0,47,96,0,0,23,22,45,0,0,0,0,50,159,35,0,7,0,0,0,0,0,7,0,0,0,0,0,0,0,0,0,0,0,0,0,0,0,0,0,0,21,0,0,0,0,0,0,5,0,0,0,20,19,0,11,25,0,12,0,23,9,0,0,0,0,0,0,0,0,53,0,0,21,0,0,0,0,0,0,0,0,0,0,0,15,0,0,10,23,0,0,0,0,0,0,0,0,0,0,0,0,0,0,0,0,0,0,0,12,41,10,0,0,0,0,0,0,6,9,0,0,0,0,0,0,0,0,0,14,12,0,6,0,0,0,0,0,0
FeatureID65,0,0,0,0,0,0,0,0,0,0,0,0,0,0,0,0,0,0,0,0,0,0,0,0,0,0,0,0,0,0,0,0,0,0,0,0,0,0,0,0,0,0,0,0,0,0,0,0,0,0,0,0,0,0,0,0,0,0,0,0,0,0,0,0,0,0,0,0,0,0,0,0,0,0,0,0,0,0,0,0,0,0,0,0,0,0,0,0,0,0,0,0,0,0,0,0,0,0,0,0,0,0,0,0,0,0,0,0,0,0,0,0,0,0,0,0,0,0,0,0,12,10,0,0,0,49,39,26,176,19,0,7,0,0,0,18,79,65,54,35,11,0,16,20,0,15,0,0,0,0,58,26,71,58,14,0,0,87,88,65,158,0,0,142,153,143,260,28,231,0,126,135,0,96,235,362,0,0,0,531,308,39,125,100,17,218,205,281,280,150,171,0,0,165,90,246,22,47,64,57,201,160,54,187,110,14,123,24,43,0,11,202,145,241,82,20,806,124,265,32,37,136,148,217,149,90,98,429,253,160,23,0,96,88,31,65,80,138,80
FeatureID66,16,26,38,53,73,9,89,42,181,41,51,15,32,56,55,30,21,19,44,0,30,24,36,41,54,26,87,32,62,18,47,62,129,29,34,64,35,41,10,67,19,20,44,80,5,0,32,0,71,8,168,9,8,5,91,20,0,85,0,60,100,60,11,54,73,59,128,17,9,70,51,5,189,18,0,89,61,26,0,30,4,80,116,16,47,74,19,28,7,37,31,110,13,0,27,137,72,75,145,19,0,73,213,5,0,51,34,107,7,29,54,39,47,120,37,6,8,33,18,28,45,59,26,57,49,23,54,44,0,12,10,26,11,21,39,27,0,21,26,22,8,23,64,0,19,49,0,22,64,0,0,16,18,13,17,19,19,10,0,0,30,18,7,6,19,10,16,7,13,0,22,11,0,61,0,5,0,20,0,8,18,20,20,13,163,17,6,9,39,50,5,9,7,25,42,103,0,5,4,16,15,30,0,15,23,11,76,11,37,46,61,20,70,7,13,27,14,13,51,36,11,19,25,54,10,22,6,29,24,53,8,12,58,10,0,7,14,6,8
FeatureID67,1099,397,544,834,140,170,428,629,293,85,212,44,239,124,208,72,196,61,240,4,223,154,46,60,84,66,0,43,174,167,488,14,23,0,0,0,0,0,0,0,0,99,57,46,0,0,0,0,0,0,51,20,72,59,23,0,0,0,0,0,0,0,28,80,66,245,0,0,0,0,0,0,0,49,73,41,74,9,0,37,70,36,45,60,66,155,40,100,104,16,108,186,89,187,163,82,60,51,91,31,52,212,91,107,124,55,251,93,152,0,67,18,65,75,10,399,95,134,37,85,75,49,105,66,111,59,58,123,0,0,32,28,25,63,24,33,0,0,0,0,0,38,24,55,41,0,47,117,69,71,0,58,95,60,68,55,101,46,32,0,14,0,29,0,0,23,0,56,27,24,59,0,0,21,0,35,40,45,46,18,25,88,0,0,0,0,0,10,0,38,0,0,81,0,0,20,0,39,76,76,18,114,38,12,33,0,25,47,0,15,57,75,109,34,34,51,62,35,50,27,18,25,284,135,65,0,38,69,22,45,0,19,62,179,0,34,0,0,0
FeatureID68,0,0,0,0,0,0,0,0,0,0,0,0,0,0,0,0,0,0,0,0,0,0,41,81,124,77,50,130,53,17,189,0,0,46,44,62,88,57,51,72,60,0,0,0,85,198,44,81,93,58,0,0,36,94,99,91,202,41,52,104,42,50,0,0,17,95,47,63,51,59,56,29,38,0,19,23,37,0,0,0,0,0,0,15,19,0,0,0,26,0,0,46,27,49,44,0,0,0,0,0,29,41,0,0,30,0,18,0,0,79,0,0,19,51,0,49,36,20,21,165,95,87,281,77,161,186,121,202,0,42,0,0,0,0,0,0,19,69,36,49,37,30,0,0,26,57,17,77,54,0,0,0,0,0,0,0,0,0,0,21,0,13,0,68,28,0,13,0,27,24,0,0,0,32,55,20,0,0,15,35,14,0,0,32,0,18,26,0,16,0,16,28,0,0,28,0,0,0,0,0,0,0,22,0,17,39,0,0,16,16,0,0,0,25,0,82,0,0,13,45,0,0,0,0,71,47,56,0,0,0,51,0,14,0,0,0,65,47,21
FeatureID69,17,14,0,16,12,13,32,14,16,9,14,29,14,11,46,107,38,0,8,0,19,68,23,32,52,76,17,22,10,17,50,19,0,8,31,33,27,31,55,14,0,0,25,19,32,11,11,0,0,31,8,0,0,16,0,8,0,0,13,9,13,17,0,59,43,10,38,13,0,0,0,8,12,0,0,0,20,27,0,8,14,9,0,20,0,0,0,23,11,0,38,0,0,19,13,0,0,0,0,0,0,8,0,35,22,0,23,0,9,44,0,12,26,28,0,0,0,0,0,25,54,28,89,46,35,102,75,45,38,81,13,26,33,45,30,27,30,51,37,25,37,20,38,44,54,43,14,50,30,38,41,51,91,40,58,21,51,16,76,77,69,56,39,29,30,44,27,0,15,53,26,29,0,31,46,28,64,16,18,45,33,33,46,58,91,59,36,58,24,23,33,18,40,23,92,61,31,32,84,51,38,47,30,56,37,22,29,28,15,25,89,84,60,60,61,80,53,64,92,65,17,37,52,110,76,27,92,71,70,57,77,17,97,67,33,38,49,49,46
FeatureID70,0,0,0,19,16,30,21,34,41,16,35,0,7,11,162,72,65,22,13,0,18,57,112,33,51,55,10,29,10,11,254,54,9,0,15,20,86,16,82,11,0,0,12,9,11,7,30,0,0,30,0,0,0,0,0,19,20,0,49,8,0,33,0,27,46,19,7,18,11,0,0,24,0,0,0,9,42,39,0,29,28,19,21,10,0,0,0,0,0,0,57,7,0,0,0,8,12,46,0,24,3,0,8,11,6,8,0,0,13,40,8,8,12,0,28,5,18,20,9,80,11,26,20,29,45,91,89,85,14,20,13,0,0,8,7,12,0,12,0,19,34,84,82,69,87,136,0,117,149,37,41,116,189,132,145,70,9,0,71,32,118,120,80,19,0,89,32,59,113,18,43,19,0,25,33,20,22,0,0,34,10,0,10,16,38,74,17,43,36,14,39,25,71,32,30,19,0,0,22,17,11,8,0,21,20,11,16,65,0,11,0,20,12,21,43,42,14,22,13,11,0,17,43,11,0,10,0,6,10,0,0,0,0,0,26,27,9,9,0
FeatureID71,0,0,0,0,0,0,0,0,0,0,0,0,0,0,0,0,0,0,0,0,0,0,0,0,0,0,0,0,0,0,0,0,0,0,0,0,0,0,0,0,0,0,0,0,0,0,0,0,0,0,23,0,0,0,0,0,0,0,0,0,0,0,0,0,0,0,0,0,0,0,0,0,0,0,0,0,0,0,0,0,0,0,0,0,0,0,0,0,0,0,0,0,0,0,0,0,0,0,4,0,0,0,0,0,0,0,4,0,0,0,0,0,0,0,12,0,0,0,0,32,97,11,31,19,0,42,28,0,31,85,27,56,11,0,0,6,8,5,9,19,48,11,6,0,13,4,0,38,47,0,280,30,24,26,15,30,58,73,56,0,0,6,0,0,34,45,77,58,64,11,33,20,12,24,0,0,5,19,0,8,151,24,84,5,279,29,6,8,18,212,57,151,35,18,51,69,112,138,225,148,72,0,0,0,7,17,7,19,0,0,0,0,52,19,36,68,0,6,185,0,0,9,22,37,0,4,0,6,0,394,17,0,18,32,6,9,0,0,0
FeatureID72,65,79,0,10,0,19,10,100,122,0,40,79,32,36,376,335,71,18,4,0,10,17,279,561,89,560,114,262,137,37,610,0,71,78,217,98,270,296,377,37,13,33,66,133,125,13,51,10,34,108,142,15,0,34,29,176,58,60,97,161,80,85,12,213,196,96,180,67,70,0,18,25,28,5,38,67,169,13,0,8,42,71,160,84,6,0,8,31,25,14,392,27,3,37,0,18,24,83,79,97,0,70,120,157,20,100,60,15,30,264,35,15,54,77,99,18,31,21,22,0,173,108,0,39,39,64,40,9,11,109,23,26,49,36,24,48,31,55,21,61,18,8,94,6,6,0,16,0,61,0,47,16,164,20,137,15,47,24,13,41,13,0,10,503,365,234,366,251,415,55,77,44,37,206,198,87,38,146,55,574,301,118,374,81,439,385,244,95,171,184,164,297,50,155,160,238,14,16,183,188,266,0,0,0,44,7,92,21,0,0,0,0,0,27,15,6,14,0,95,0,0,0,17,0,0,8,29,5,13,118,0,0,22,19,6,11,15,6,0
FeatureID73,0,0,0,0,0,0,0,0,23,0,10,0,0,0,0,25,10,0,0,0,0,0,0,0,0,34,0,0,0,0,14,0,0,0,0,0,10,13,19,0,0,0,0,0,0,0,0,0,0,0,0,0,0,0,0,10,0,0,0,0,0,0,0,0,0,0,0,0,0,0,0,0,0,10,0,0,0,0,0,0,0,0,0,4,0,0,0,0,0,0,0,0,0,0,0,0,0,14,0,0,0,0,0,0,4,0,0,0,0,14,0,0,0,9,0,0,0,0,0,38,31,11,47,72,41,38,37,31,37,74,31,66,43,64,45,19,38,53,60,40,24,17,23,29,66,35,0,20,39,21,20,18,53,31,41,26,39,32,32,41,43,41,27,12,12,22,10,0,18,39,0,9,0,26,19,11,12,0,30,18,18,16,24,53,25,36,10,36,0,15,13,0,27,0,37,27,12,11,46,56,19,29,19,14,16,30,18,13,0,17,19,26,33,59,36,96,32,0,54,47,11,17,22,44,42,0,46,22,44,32,33,14,62,23,30,24,14,34,25
FeatureID74,0,0,0,42,24,23,14,25,30,0,15,26,13,7,82,111,49,15,51,0,46,165,28,10,0,46,0,0,0,0,16,41,0,5,12,17,25,29,67,18,5,13,0,10,32,0,12,0,0,0,0,4,0,0,0,0,7,0,12,0,0,0,9,21,19,0,11,29,0,0,0,17,0,7,10,0,7,85,0,13,17,14,14,0,0,0,0,0,0,0,0,0,0,21,0,0,0,7,10,0,0,0,0,0,0,0,0,0,9,0,0,0,14,0,18,0,0,0,0,37,44,18,54,57,27,65,49,18,158,87,20,46,88,127,84,52,77,85,96,61,69,41,33,51,62,58,9,60,39,64,59,34,96,46,52,44,48,33,96,79,119,89,56,24,32,40,37,22,60,124,74,21,6,41,36,60,119,34,44,55,78,44,26,77,48,48,28,71,32,36,62,59,94,13,60,70,112,90,136,94,38,32,44,43,42,54,35,41,15,32,46,37,12,79,29,117,58,76,142,35,0,19,32,37,101,15,73,58,52,45,118,25,79,15,53,31,44,53,46
FeatureID75,0,8,0,24,20,6,25,0,0,9,0,9,0,7,5,12,17,0,12,0,15,23,23,46,20,32,20,19,17,6,31,10,16,5,36,9,12,21,10,8,0,5,12,16,6,0,13,0,5,4,0,3,4,0,0,0,5,4,5,4,5,0,13,20,22,9,14,14,6,0,5,0,0,0,12,9,11,13,0,0,7,6,9,14,0,0,0,0,0,0,12,0,0,15,3,0,0,0,3,0,0,15,4,19,9,8,8,5,10,9,9,0,12,38,0,0,0,0,0,30,28,26,32,20,32,48,52,31,51,19,6,23,29,45,27,19,33,33,20,14,22,16,18,24,37,33,5,15,25,24,30,14,22,14,27,9,20,15,43,23,34,17,28,17,23,44,29,13,18,31,13,19,0,42,35,23,59,44,65,44,16,14,16,55,62,24,16,34,24,16,15,7,10,7,36,33,13,0,7,7,34,18,10,14,15,29,23,53,0,20,17,4,11,16,16,36,24,31,26,12,4,9,6,22,34,16,32,21,39,27,12,8,50,24,38,23,15,22,8
FeatureID76,0,0,0,0,0,0,0,0,0,6,0,0,0,0,0,0,0,35,0,0,0,0,175,63,56,152,63,173,28,8,144,40,130,77,52,73,112,167,86,104,32,39,109,110,16,0,76,0,45,55,189,49,5,18,12,7,14,22,12,38,106,105,16,28,109,8,81,53,57,0,13,0,22,0,25,109,108,62,0,53,41,136,176,70,6,0,25,24,98,151,75,24,0,8,0,12,10,568,215,201,0,60,144,32,9,99,42,32,48,187,91,43,181,44,110,41,64,70,45,0,0,3,17,17,14,0,0,0,14,0,6,0,0,10,11,0,0,9,6,0,0,20,11,0,9,13,4,17,32,11,0,0,12,8,0,0,13,0,0,8,11,18,0,0,0,0,0,14,0,7,13,0,0,56,0,13,0,8,0,10,8,10,22,0,5,13,0,29,8,33,0,0,12,12,0,20,0,0,6,11,13,0,0,11,0,0,21,15,16,0,10,7,6,0,0,0,0,0,0,9,7,0,0,0,0,0,0,8,9,0,8,9,0,0,0,5,0,0,6
FeatureID77,13,18,0,0,0,0,21,28,20,9,23,6,26,0,7,6,0,0,0,0,0,16,36,30,64,15,20,70,11,17,61,17,28,33,30,0,0,0,5,0,0,0,0,0,0,0,17,0,0,0,4,0,0,0,0,17,21,38,0,0,0,0,8,9,27,23,30,29,55,0,0,0,0,0,0,12,22,10,0,0,0,32,23,19,13,0,0,0,0,7,31,0,11,17,18,0,7,13,0,0,0,0,40,19,15,34,0,0,0,0,7,0,13,9,0,0,0,0,9,5,0,0,14,19,0,0,0,0,0,7,8,8,5,11,13,7,0,5,12,8,0,20,15,0,18,12,0,0,0,0,0,0,0,0,0,0,5,6,0,0,13,17,0,0,0,0,11,0,6,6,0,0,0,14,0,0,0,0,0,9,10,0,0,0,11,4,0,7,19,14,0,5,0,6,0,0,0,0,0,0,7,6,0,5,0,0,16,0,0,0,8,0,11,17,0,0,0,0,0,0,0,0,20,18,0,13,0,0,18,9,5,0,6,0,0,0,7,0,10
FeatureID78,0,14,0,0,17,0,6,0,0,13,0,0,7,0,21,8,7,0,0,0,17,15,0,0,0,0,0,0,0,18,0,13,0,0,0,0,7,11,0,0,0,0,0,0,0,0,0,0,0,16,0,0,0,0,0,0,0,0,0,0,0,0,0,0,0,0,0,0,0,0,0,0,0,0,0,0,0,0,0,0,0,13,48,34,38,0,16,7,0,0,26,26,0,11,5,44,63,12,0,0,0,20,48,7,6,45,24,10,0,78,0,0,40,0,40,0,0,8,0,0,0,14,0,32,0,0,17,25,0,9,11,17,18,9,21,0,0,0,0,0,0,0,0,0,0,0,0,0,17,0,15,10,12,0,0,0,0,0,0,0,16,17,0,7,68,0,17,9,17,0,0,0,14,10,0,47,0,10,0,31,12,0,9,10,123,15,16,0,14,13,9,11,9,14,29,43,0,0,0,0,38,17,0,0,0,0,33,0,7,0,0,0,15,0,0,0,0,0,27,10,14,0,30,0,0,0,0,35,61,29,0,0,32,0,0,0,0,0,0
FeatureID79,0,0,0,0,0,0,0,0,0,0,0,0,0,0,0,0,0,0,0,0,0,0,0,0,0,0,0,0,0,0,0,0,0,0,0,0,0,0,0,0,0,0,0,0,0,0,0,0,0,0,0,0,0,0,0,0,0,0,0,0,0,0,0,0,0,0,0,0,0,0,0,0,0,0,0,0,0,0,0,0,0,0,0,0,0,0,0,0,0,0,0,0,0,0,0,0,0,0,0,0,0,0,0,0,0,0,0,0,0,0,0,0,0,0,0,0,0,0,0,37,34,40,13,63,37,23,24,24,0,15,19,17,0,0,9,7,0,16,35,23,18,32,43,0,27,0,15,80,66,12,0,30,36,31,45,52,39,72,15,15,93,48,31,0,26,130,21,54,57,6,10,84,0,14,22,242,11,96,5,130,62,62,0,0,181,0,13,159,204,85,0,17,10,56,30,56,0,0,0,28,55,45,0,24,30,9,133,28,14,10,60,28,0,10,21,32,6,18,202,26,55,0,0,84,0,89,30,59,147,127,11,65,36,28,0,14,51,15,12
FeatureID80,0,0,0,0,16,0,19,15,11,9,12,0,0,31,6,0,0,0,5,0,5,9,0,31,21,0,68,45,22,0,13,0,26,10,15,13,13,10,6,21,0,9,16,41,0,0,12,0,16,0,21,0,0,4,42,16,0,21,0,13,43,31,15,15,35,10,29,0,11,13,0,0,17,9,0,11,14,0,0,0,6,20,9,5,10,0,0,0,0,25,0,28,0,0,0,42,16,0,36,0,0,17,22,0,0,11,7,20,0,18,4,0,9,28,0,0,0,0,0,43,17,61,12,69,42,18,26,64,9,11,21,16,9,26,11,4,0,27,20,14,9,23,56,5,42,0,6,23,92,0,12,40,33,36,22,34,43,16,12,7,36,23,15,15,10,17,6,16,17,13,13,9,0,78,0,46,0,54,0,44,18,11,19,9,25,6,10,0,24,29,0,5,8,8,4,22,0,5,7,16,32,6,0,0,0,0,139,0,13,10,5,9,7,8,0,7,0,0,15,14,6,0,13,27,0,12,0,12,6,14,0,0,28,10,6,23,22,21,9
FeatureID81,0,0,0,0,0,0,0,0,0,0,0,0,0,0,0,0,0,0,0,0,0,0,0,0,0,0,0,0,0,0,0,0,0,0,0,0,0,0,0,0,0,0,0,0,0,0,0,0,0,0,25,0,0,0,0,0,0,0,0,0,0,0,0,0,0,0,0,0,0,0,0,0,0,0,0,0,0,0,0,0,0,0,0,0,0,0,0,0,0,0,0,0,0,0,0,0,0,13,18,0,0,0,0,0,0,0,0,14,12,0,0,0,0,0,0,0,0,0,0,17,32,16,34,24,8,27,38,37,26,37,21,22,15,16,17,0,0,6,10,20,17,65,40,14,17,47,17,22,105,22,0,34,51,19,35,35,59,11,22,8,19,50,12,0,0,0,0,0,0,0,0,0,0,0,0,0,0,0,0,0,0,0,0,0,0,0,0,0,0,0,0,0,0,0,0,0,0,0,0,0,0,0,0,0,0,0,0,0,0,0,0,0,0,0,0,0,0,0,0,0,0,0,0,0,0,15,0,0,0,0,0,0,0,0,0,0,25,0,0
FeatureID82,17,20,20,73,114,54,23,33,30,63,58,9,29,32,138,88,37,0,67,0,99,40,0,0,0,0,0,0,0,0,0,0,0,0,0,0,0,0,0,0,0,0,0,0,0,0,31,0,30,22,0,0,0,0,0,17,0,0,7,0,61,44,0,0,0,33,84,25,18,0,23,0,34,0,0,0,0,0,0,0,0,17,50,19,0,0,0,0,15,10,14,17,0,0,0,0,0,0,0,0,0,14,21,0,0,17,0,0,0,68,0,0,29,0,49,0,34,0,14,0,0,0,0,0,0,0,0,0,0,0,0,0,0,0,0,0,0,0,0,0,0,0,0,0,0,0,0,0,0,0,0,0,0,0,0,0,0,0,0,0,0,0,0,0,0,0,0,0,0,0,0,0,0,0,0,0,0,0,0,21,0,0,0,0,0,0,0,0,0,37,7,13,0,0,0,0,0,0,0,0,0,0,0,0,0,0,0,0,0,0,0,0,18,0,0,0,0,0,0,0,0,0,0,0,0,0,0,0,0,0,0,0,0,0,0,0,0,0,0
FeatureID83,0,0,0,0,0,0,27,29,38,0,0,0,0,13,14,0,11,10,0,0,0,0,33,35,43,16,31,72,26,0,68,61,34,13,26,11,42,24,20,0,0,12,17,27,16,0,19,0,37,0,0,8,5,13,20,39,12,10,0,33,30,40,8,20,46,9,0,17,0,0,0,14,14,15,6,20,36,45,0,9,15,0,0,0,0,0,0,0,0,0,0,0,0,0,0,0,0,0,0,0,0,0,0,0,0,0,0,0,0,31,0,0,0,27,0,0,0,0,0,0,0,0,0,0,0,0,0,0,0,0,0,0,0,0,0,0,0,0,0,0,0,0,0,0,0,0,0,0,0,0,0,0,0,0,0,0,0,0,0,0,0,0,0,0,0,0,0,0,0,0,0,0,0,0,0,0,0,0,0,0,0,0,0,0,0,0,0,0,0,0,0,0,0,0,0,0,0,0,0,0,0,0,0,0,0,0,73,0,0,0,0,0,0,0,0,30,0,0,0,0,0,0,0,0,0,0,0,0,0,38,0,16,0,0,14,0,0,0,0
FeatureID84,0,0,0,0,0,0,0,0,0,0,0,0,0,0,0,0,0,0,0,0,0,0,0,0,0,0,0,0,0,0,0,4,0,0,0,0,0,0,0,0,0,0,0,0,4,0,0,0,0,0,0,0,0,4,0,0,0,0,0,0,0,0,0,0,0,0,0,0,0,0,0,0,0,0,0,0,0,0,0,0,0,0,0,0,0,0,0,0,0,0,0,0,0,0,0,0,0,0,0,0,0,0,0,0,0,0,0,0,0,0,0,0,0,0,8,0,0,0,0,10,8,0,49,11,12,9,11,11,15,9,7,13,22,22,14,8,7,8,9,10,12,41,32,90,113,44,27,39,4,12,15,32,83,20,58,13,21,50,27,32,89,40,23,72,44,27,19,20,19,14,22,20,0,44,69,32,143,15,14,98,16,9,0,158,49,84,57,39,19,7,14,10,22,29,81,31,35,24,21,27,24,19,39,19,8,24,18,55,17,27,41,25,38,68,50,78,30,28,24,42,14,14,29,79,54,21,34,38,34,26,50,22,46,38,10,31,16,36,30
FeatureID85,0,0,0,0,0,0,0,0,0,0,0,0,0,0,0,0,0,0,0,0,0,0,0,0,6,0,0,5,0,0,3,0,0,0,0,0,0,0,0,0,0,0,0,0,31,14,0,26,0,20,84,0,0,0,0,566,0,0,587,0,0,176,0,0,0,0,253,38,0,386,0,28,104,0,0,0,0,0,0,0,0,0,0,0,0,0,0,537,0,0,0,0,0,0,0,0,0,9,14,0,0,0,0,0,0,0,0,0,0,274,0,0,0,0,0,0,0,0,0,0,0,0,0,0,0,0,0,0,0,0,0,0,0,0,0,0,0,0,0,0,0,0,0,0,0,0,0,0,0,0,0,0,0,0,0,0,0,0,0,0,0,0,0,0,0,0,0,0,0,0,0,0,0,0,0,0,0,0,0,0,0,0,0,0,0,0,0,0,0,0,0,0,0,0,0,0,0,0,0,0,0,0,0,0,0,0,0,0,0,0,0,0,0,0,0,0,0,0,0,0,0,0,0,0,0,0,0,0,0,0,0,0,0,0,0,0,0,0,0
FeatureID86,0,0,0,19,17,12,0,0,0,4,0,0,6,0,0,0,0,0,3,0,0,0,0,0,0,0,0,0,0,0,0,4,0,0,0,0,0,0,0,0,0,0,0,0,0,0,0,0,0,0,0,0,0,0,0,0,0,0,0,0,0,0,0,0,0,0,0,6,0,0,0,0,0,0,0,5,9,0,0,0,0,0,0,0,0,0,0,0,6,0,0,0,0,0,0,0,0,0,0,0,0,0,0,0,0,0,0,0,13,0,4,0,0,0,0,0,0,0,3,10,0,0,27,6,32,0,0,5,15,0,0,0,7,0,0,19,41,42,20,5,4,23,23,53,70,0,0,7,0,19,0,34,30,13,42,11,30,24,24,30,32,17,19,26,24,54,17,0,0,0,33,19,0,54,100,82,98,10,50,0,8,14,0,143,57,56,57,47,23,6,7,10,24,11,91,50,25,14,29,21,32,24,50,0,0,12,0,3,8,0,40,0,24,12,0,0,0,0,0,5,0,0,0,104,38,7,20,0,11,6,22,18,49,20,12,11,6,29,21
FeatureID87,0,0,11,40,0,22,14,22,24,38,34,38,10,75,21,15,0,0,36,0,55,116,61,9,19,47,0,0,52,0,0,6,0,19,274,18,23,14,13,36,34,11,23,0,0,0,0,0,0,0,0,0,0,0,0,0,0,0,0,0,0,0,0,0,0,0,0,0,0,0,0,0,0,0,0,0,0,0,0,0,0,0,0,0,0,0,0,0,0,0,0,0,0,0,0,0,0,0,0,0,0,0,0,0,0,0,0,0,0,0,0,0,0,6,0,0,0,0,0,0,0,0,15,0,0,0,0,0,0,0,0,0,0,0,0,0,7,7,5,0,0,0,0,0,0,0,0,0,0,0,0,0,0,0,0,0,0,0,0,0,11,0,0,0,0,0,0,0,0,0,0,0,0,0,0,0,0,0,6,0,0,0,0,0,0,0,0,0,0,0,0,0,0,0,0,0,0,0,0,0,0,0,0,0,0,0,0,0,0,0,0,0,0,0,0,0,0,0,0,0,0,0,0,0,0,0,0,0,0,0,0,0,0,0,0,0,23,0,0
FeatureID88,46,37,43,19,32,37,54,38,198,21,123,78,28,21,195,512,105,26,15,0,50,148,143,123,81,505,75,26,12,92,66,91,25,29,193,120,179,270,152,20,0,21,79,94,297,224,315,115,121,244,0,7,32,115,31,71,49,57,79,39,35,96,47,139,99,49,103,64,108,0,0,25,14,0,12,37,41,41,0,25,17,21,44,170,0,0,0,29,28,12,59,14,0,42,31,7,9,49,0,9,0,26,39,67,93,39,9,7,35,327,22,19,75,45,19,18,31,110,19,147,197,110,250,164,69,261,260,138,208,175,118,226,228,235,166,138,167,183,176,180,287,154,148,156,109,219,73,205,227,102,177,156,215,152,241,220,200,103,231,187,155,187,112,107,113,113,91,122,195,194,101,94,22,110,110,118,217,125,224,185,95,46,164,79,85,184,165,90,126,144,193,225,213,119,180,111,109,113,230,198,91,111,97,101,172,128,145,235,46,78,55,164,120,166,217,186,57,141,123,151,21,49,115,121,206,117,126,125,75,102,84,66,128,151,222,237,125,83,111
FeatureID89,27,36,26,75,68,96,32,0,59,55,103,110,57,77,305,279,288,62,65,0,122,151,56,31,43,103,22,35,38,99,86,173,19,38,97,274,62,187,142,151,14,68,45,27,206,137,128,125,180,424,28,22,34,127,44,51,68,32,76,121,85,73,31,60,80,23,44,56,0,0,53,108,0,37,100,31,35,191,0,65,59,35,62,70,0,0,7,157,69,0,126,9,16,183,61,0,0,84,42,75,0,30,51,44,157,0,175,28,42,706,23,17,29,47,102,72,70,17,40,20,9,11,30,15,12,30,13,0,153,13,0,13,10,14,10,11,42,26,14,17,17,9,16,32,12,30,0,19,7,18,48,9,22,0,12,0,16,0,45,17,41,17,8,17,0,9,21,17,0,16,45,0,0,36,9,0,43,22,7,34,15,28,12,40,32,22,15,15,10,9,26,18,98,12,28,32,48,56,37,26,24,3,17,13,22,13,0,26,28,17,19,12,0,23,15,63,20,30,30,16,0,0,0,24,19,31,25,17,15,16,32,14,22,11,52,17,8,42,0
FeatureID90,0,0,0,0,23,0,0,0,0,0,27,29,0,0,50,56,65,0,0,0,0,0,0,0,0,0,0,0,0,0,0,32,0,0,0,60,0,34,27,35,0,0,0,0,57,0,0,0,36,114,0,0,0,21,0,0,0,0,0,0,0,0,0,0,0,0,0,0,0,0,0,0,0,0,23,0,0,55,0,0,0,0,0,0,0,0,0,28,0,0,29,0,0,42,0,0,0,0,0,0,0,0,0,0,0,0,0,0,0,157,0,0,0,0,0,0,0,0,0,0,0,0,0,0,0,0,0,0,0,0,0,0,0,0,0,0,0,0,0,0,0,0,0,0,0,0,0,0,0,0,0,0,0,0,0,0,0,0,0,0,0,0,0,0,0,0,0,0,0,0,0,0,0,0,0,0,0,0,0,0,0,0,0,0,0,0,0,0,0,0,0,0,0,0,0,0,0,0,0,0,0,0,0,0,0,0,0,0,0,0,0,0,0,0,0,0,0,0,0,0,0,0,0,0,0,0,0,0,0,0,0,0,0,0,0,0,0,0,0
FeatureID91,108,99,28,139,87,37,395,0,11,85,94,86,102,28,197,93,181,57,122,12,409,716,476,110,23,206,111,120,208,67,412,102,112,7,86,49,112,130,53,95,30,110,388,231,237,71,65,64,14,31,0,82,85,209,11,0,21,41,25,29,12,24,46,105,95,83,124,94,59,0,38,85,29,16,115,129,103,146,0,106,93,21,14,104,0,0,0,10,42,10,47,16,61,273,54,0,0,32,0,50,12,21,9,46,17,26,29,14,19,77,23,12,15,64,10,0,25,12,15,53,135,112,79,62,49,215,192,74,93,83,22,47,42,56,30,84,69,123,74,85,90,101,75,117,93,37,12,131,118,130,33,68,138,116,108,71,109,31,48,66,114,89,103,46,44,29,13,17,19,50,67,41,7,156,71,57,191,70,48,105,32,65,51,181,45,83,84,32,35,28,88,28,126,28,91,103,43,50,105,113,90,84,36,28,36,30,28,59,23,28,56,42,51,48,32,58,29,43,88,33,16,27,57,85,110,21,40,30,49,27,37,20,71,45,40,79,81,22,33
FeatureID92,0,0,9,19,0,0,35,0,0,21,6,0,0,0,22,0,8,6,15,0,43,21,25,15,22,5,0,0,0,20,44,0,0,0,3,0,4,0,0,32,21,20,12,10,0,3,0,0,0,0,0,4,9,9,4,3,0,0,0,0,4,0,13,9,9,33,7,16,7,0,14,13,6,19,17,29,32,13,0,0,13,5,4,10,0,4,0,11,28,0,10,7,10,18,10,0,0,4,0,13,4,9,8,13,0,0,6,14,0,0,18,7,8,0,4,4,24,7,0,0,0,0,0,0,0,0,0,0,0,0,0,0,0,0,0,0,0,0,0,0,0,0,0,0,0,0,0,0,0,0,0,0,0,0,0,0,0,0,0,0,0,0,0,0,0,0,0,0,0,0,7,3,0,0,4,0,0,0,0,0,0,0,0,4,0,0,0,0,0,0,0,0,0,0,0,0,0,0,0,0,0,0,0,0,0,0,0,0,0,0,0,0,0,0,0,0,0,0,0,0,0,0,0,0,0,0,0,0,0,0,0,0,0,0,0,0,0,0,0
FeatureID93,0,0,0,0,0,0,0,0,0,0,0,0,0,0,0,0,0,0,0,0,0,0,0,0,0,0,0,0,0,0,0,0,0,0,0,0,0,0,0,0,0,0,0,0,0,0,0,0,0,0,0,0,0,0,0,0,0,0,0,0,0,0,0,0,0,0,0,0,0,0,0,0,0,0,0,0,0,0,0,0,0,0,0,0,0,0,0,0,0,0,0,0,0,0,0,0,0,0,0,0,0,0,0,0,0,0,0,0,0,0,0,0,0,0,0,0,0,0,0,0,21,0,0,0,7,28,0,0,0,26,0,14,23,14,23,0,0,21,10,0,22,52,67,18,0,0,0,0,19,0,7,25,19,7,12,0,32,24,0,25,0,18,15,0,0,0,0,0,13,4,0,0,0,6,0,8,0,0,0,30,0,4,0,0,16,0,0,0,0,0,0,18,0,0,7,0,0,13,0,0,12,0,0,0,0,10,21,0,0,25,0,0,29,0,0,0,4,0,0,45,13,0,9,52,0,0,0,0,7,13,9,23,0,29,27,0,0,19,13
FeatureID94,0,0,0,0,0,0,0,0,0,0,0,0,0,0,0,0,0,0,0,0,0,0,0,0,0,0,0,0,0,18,0,0,0,0,0,0,0,0,0,0,0,0,0,0,0,0,0,0,0,0,57,0,0,0,0,296,24,21,0,29,233,91,0,0,0,0,0,0,0,0,0,0,0,0,0,0,0,0,0,0,0,0,0,0,0,0,0,0,0,15,134,0,0,0,0,0,0,0,0,0,0,0,0,31,0,9,12,35,53,0,0,14,0,0,0,0,0,0,46,0,0,0,0,0,0,0,0,0,0,0,0,0,0,0,0,0,0,0,0,0,0,0,0,0,0,0,0,0,0,0,0,0,0,0,0,0,0,0,0,0,0,0,0,0,0,0,0,0,0,0,0,0,0,0,0,0,0,0,0,0,0,0,0,0,0,0,0,0,0,0,0,0,0,0,0,0,0,0,0,0,0,0,0,0,0,0,0,0,0,0,0,0,0,0,0,0,0,0,0,0,0,0,0,0,0,0,0,0,0,0,0,0,0,0,0,0,0,0,0
FeatureID95,0,0,0,0,0,0,0,0,0,41,0,0,0,0,0,0,0,35,0,0,0,0,0,0,0,0,0,0,0,0,0,102,0,0,0,0,0,20,0,104,0,0,0,0,0,0,0,0,34,0,0,0,0,0,0,0,0,0,0,0,0,29,0,0,0,0,0,0,0,0,0,0,0,0,0,0,0,0,0,0,0,0,0,0,0,0,0,0,0,20,0,0,0,0,0,0,0,0,0,0,0,20,0,0,0,0,0,0,0,42,0,0,0,0,49,8,0,15,0,0,0,0,0,0,0,0,0,0,0,0,26,0,0,0,9,0,0,0,0,0,0,38,24,0,20,20,0,0,0,0,21,22,60,0,0,0,0,0,0,17,14,0,25,15,0,0,0,21,0,0,0,0,0,0,14,0,0,0,0,23,25,18,0,0,0,0,0,0,17,20,0,0,0,0,0,23,17,0,9,29,0,0,0,145,53,13,241,0,132,0,37,23,0,0,0,0,29,0,0,20,0,27,0,0,0,30,0,49,84,59,0,0,0,0,0,38,0,42,16
FeatureID96,0,9,0,0,0,0,8,20,33,10,16,0,0,10,0,0,0,0,0,0,0,16,20,0,49,26,17,89,0,0,85,12,310,38,69,29,44,45,17,0,8,0,14,35,30,0,0,0,24,0,33,0,0,7,14,0,0,25,0,0,0,7,0,0,0,0,7,0,20,0,0,0,0,0,0,0,0,0,0,0,0,60,114,33,42,0,8,9,0,23,0,29,16,38,21,44,9,19,89,7,0,42,70,0,0,119,15,33,0,0,17,0,25,52,15,6,0,10,17,0,0,0,0,0,0,0,0,0,0,0,0,0,0,0,0,0,0,0,0,0,0,0,0,0,0,0,0,0,0,0,13,0,52,27,0,44,16,22,0,0,0,0,0,0,0,0,0,9,9,0,17,0,0,12,0,0,0,18,14,0,0,14,31,0,0,0,0,0,0,0,0,0,6,0,0,12,0,23,0,0,17,0,0,0,0,0,18,0,25,0,0,0,0,0,0,0,0,0,14,13,0,0,0,0,0,15,11,17,0,0,12,0,0,0,20,31,27,0,0
FeatureID97,0,0,0,0,0,0,0,0,0,0,0,0,0,0,0,0,0,0,0,0,0,0,0,0,0,0,0,0,0,0,0,0,0,0,0,0,0,0,0,0,0,0,0,0,0,0,0,0,0,0,0,0,0,0,0,0,0,0,0,0,0,0,0,0,0,0,0,0,0,0,0,0,0,0,0,0,0,0,0,0,0,0,0,0,0,0,0,0,0,0,0,0,0,0,0,0,0,0,0,0,0,0,0,0,0,0,0,0,0,0,0,0,0,0,0,0,0,0,0,0,0,0,0,0,0,0,0,0,0,0,0,0,23,12,10,0,0,0,0,0,0,21,47,15,59,94,49,47,184,12,0,22,22,15,14,32,18,4,15,9,41,23,33,5,0,0,0,15,0,0,4,8,0,0,0,17,0,0,0,10,5,10,9,0,0,0,0,0,40,11,0,0,0,10,0,18,0,0,0,6,12,0,0,0,0,0,0,0,0,0,0,0,0,0,0,0,0,0,0,0,0,0,0,0,0,0,0,0,0,0,0,0,0,0,0,0,0,0,0
FeatureID98,0,0,0,0,0,0,0,0,0,24,0,0,0,7,0,0,0,0,0,0,0,0,12,30,48,0,29,20,0,0,12,13,93,30,21,0,52,28,0,7,0,0,0,27,0,10,42,9,50,10,42,0,0,12,49,33,5,52,0,19,21,18,0,9,15,22,0,0,28,7,0,0,0,0,0,0,0,0,0,0,0,19,9,0,0,0,0,0,0,0,0,11,0,0,0,51,6,0,11,0,0,0,0,9,8,112,39,27,0,42,0,0,0,0,34,9,0,0,0,11,36,32,14,75,62,7,43,110,0,22,42,37,23,37,8,12,0,0,0,0,0,37,151,21,28,74,15,56,160,0,34,70,96,72,69,104,82,29,61,39,31,47,36,10,10,13,20,31,29,0,52,15,0,20,18,46,0,38,14,97,17,5,55,0,10,22,7,43,108,59,12,7,15,12,19,46,9,23,13,14,28,21,10,32,70,31,98,14,83,112,61,30,74,0,17,22,32,0,66,30,13,19,115,74,9,43,96,36,23,31,52,52,51,19,24,122,24,43,30
FeatureID99,0,0,0,0,0,0,0,0,0,0,0,0,0,0,0,0,0,0,0,0,0,0,0,0,0,0,0,0,0,0,0,0,0,0,0,0,0,0,0,0,0,0,0,0,0,0,0,0,0,0,0,0,0,0,0,0,0,0,0,0,0,0,0,0,0,0,0,0,0,0,0,0,0,0,0,0,0,0,0,0,0,0,0,0,0,0,0,0,0,0,0,0,0,0,0,0,0,0,0,0,0,0,0,0,0,0,0,0,0,0,0,0,0,0,0,0,0,0,0,0,0,0,0,0,67,0,0,0,0,65,67,74,0,28,0,0,0,52,0,32,0,0,0,13,0,0,0,0,0,0,0,0,0,0,0,0,0,0,0,0,0,0,0,0,0,0,0,0,0,0,0,124,0,0,0,0,0,0,0,0,0,176,0,0,0,0,62,0,0,0,0,0,0,106,109,85,14,0,43,0,29,49,0,59,0,0,0,0,58,0,31,143,39,0,34,0,74,0,0,0,0,0,61,104,0,0,0,57,0,63,0,0,59,110,0,0,48,61,45
FeatureID100,0,0,0,0,0,0,0,0,0,0,0,0,0,0,0,0,0,0,0,0,0,0,0,0,0,0,0,0,0,0,0,0,0,0,0,0,0,0,0,0,0,0,0,0,0,0,0,0,0,0,0,0,0,0,0,0,0,0,0,0,0,0,0,0,0,0,0,0,0,0,0,0,0,0,0,0,0,0,0,0,0,0,0,0,0,0,0,0,0,0,0,0,0,0,0,0,0,0,0,0,0,0,0,0,0,0,0,0,0,0,0,0,0,0,0,0,0,0,0,0,0,0,43,0,0,0,0,0,24,19,13,45,140,33,58,0,0,0,10,0,12,93,39,23,52,194,29,89,81,29,0,113,65,15,27,218,36,78,0,0,0,12,35,0,27,0,0,0,0,9,0,0,0,0,0,0,0,0,0,0,0,0,0,0,0,0,0,0,0,0,0,54,0,0,0,0,0,0,0,0,0,0,0,0,0,12,150,22,0,0,0,0,0,0,0,0,17,29,51,0,0,54,0,118,10,0,0,12,33,136,28,18,50,54,0,31,66,0,38
FeatureID101,0,32,0,15,18,10,55,25,0,0,55,12,0,12,9,0,7,5,12,0,13,14,45,45,31,9,36,35,40,7,21,0,17,0,0,18,24,49,10,8,6,7,19,22,5,0,31,0,0,0,0,0,0,0,11,32,6,60,0,0,32,31,0,0,36,0,53,21,0,23,14,17,29,11,0,16,38,0,0,0,12,23,44,0,21,0,0,0,0,0,29,0,0,0,0,17,25,12,0,0,0,0,18,13,0,0,19,0,10,42,0,0,9,22,9,0,0,0,0,0,0,0,0,0,10,0,0,0,0,0,14,13,0,11,13,0,0,0,0,11,0,20,0,0,0,29,0,14,0,6,0,14,13,0,11,27,39,0,69,0,32,26,13,0,21,0,0,0,14,0,46,39,0,24,0,10,0,0,0,0,0,41,0,0,26,0,8,11,15,14,0,10,8,19,12,8,0,21,20,18,11,14,0,0,0,0,34,0,15,0,14,0,0,0,17,0,0,0,18,17,21,0,0,12,8,18,0,65,19,32,4,17,18,0,18,28,26,10,0
FeatureID102,13,0,0,0,0,0,0,0,31,13,12,0,15,18,19,20,0,0,0,0,0,12,0,0,0,0,0,20,0,0,27,12,42,22,69,12,26,0,0,0,0,0,0,11,0,0,0,0,8,0,22,0,0,7,18,14,0,11,0,0,0,0,0,9,24,10,0,0,0,0,0,0,0,0,0,10,0,0,0,0,0,14,23,17,26,7,20,8,15,69,0,18,0,7,16,38,25,13,101,31,0,25,30,0,0,38,32,23,0,0,30,0,19,26,17,9,0,14,0,0,17,19,0,51,0,55,85,91,10,28,0,0,0,0,0,0,0,8,0,27,17,0,0,0,0,0,14,0,0,0,17,0,0,9,0,16,0,0,16,5,0,0,0,0,0,0,0,0,0,0,0,0,0,0,0,10,0,30,0,8,0,0,0,0,0,0,0,0,0,0,0,0,0,0,0,0,0,0,0,0,10,0,0,13,0,0,0,0,0,0,10,9,0,0,0,0,0,0,0,0,0,0,16,0,0,0,0,0,0,0,0,11,0,0,0,0,0,0,0
FeatureID103,0,0,0,0,0,0,0,0,0,0,0,0,0,0,0,0,0,0,0,0,0,0,0,0,0,0,0,0,0,0,0,0,0,0,0,0,0,0,0,0,0,0,0,0,0,0,0,0,0,0,0,0,0,0,0,0,0,0,0,0,0,0,0,0,0,0,0,0,0,0,0,0,0,0,0,0,0,0,0,0,0,0,0,0,0,0,0,0,0,0,0,0,0,0,0,0,0,0,0,0,0,0,0,0,0,0,0,0,0,0,0,0,0,0,0,0,0,0,0,0,10,0,0,0,0,7,0,0,0,0,19,0,0,0,0,0,0,0,0,0,0,25,0,0,38,9,25,15,0,0,0,0,0,0,0,0,0,0,0,0,0,66,17,0,179,0,19,17,0,0,0,16,23,273,0,0,0,0,0,0,18,0,0,111,81,0,104,71,0,0,0,0,0,0,65,0,6,10,13,0,35,30,0,0,74,0,88,0,30,0,18,154,0,0,0,0,9,40,21,0,36,0,0,0,29,0,0,21,39,0,0,0,0,0,0,0,12,36,0
FeatureID104,0,0,0,0,0,0,0,0,0,0,0,0,0,0,0,0,0,0,0,0,0,0,0,0,0,0,0,0,0,0,0,0,0,0,0,0,0,0,0,0,0,0,0,0,0,0,0,0,0,0,0,0,0,0,0,0,0,0,0,0,0,0,0,0,0,0,0,0,0,0,0,0,0,0,0,0,0,0,0,0,0,0,0,0,0,0,0,0,0,0,0,0,0,0,0,0,0,0,0,0,0,0,0,0,0,0,0,0,0,0,0,0,0,0,0,0,0,0,0,0,0,19,0,132,8,0,77,77,0,29,13,17,0,0,5,0,0,0,0,0,0,109,191,43,144,225,70,71,10,7,20,32,65,32,15,6,37,18,80,38,69,99,27,104,142,71,14,9,11,0,0,0,0,12,121,209,76,124,0,25,16,0,0,14,40,63,57,30,9,0,9,9,0,0,22,0,24,40,0,14,11,0,8,0,38,0,254,0,16,31,15,37,0,27,0,0,0,66,18,0,0,0,0,18,0,0,8,0,56,0,0,0,0,0,7,42,20,61,6
FeatureID105,0,0,0,0,0,0,0,0,0,33,0,0,0,0,0,0,0,0,0,0,0,0,0,0,0,0,0,0,0,0,0,0,0,0,17,9,68,47,13,0,0,0,0,0,0,0,0,5,20,32,39,0,0,0,0,0,0,8,0,0,0,0,0,0,0,0,0,0,0,0,0,0,0,0,0,0,0,20,0,0,0,0,0,0,0,27,0,0,0,0,0,0,0,0,0,0,0,0,0,0,0,0,0,0,0,0,0,0,0,12,0,0,0,0,11,8,0,0,0,18,0,0,61,0,0,0,0,0,6,0,0,33,0,0,0,0,0,0,0,28,0,0,19,70,0,0,59,0,0,0,0,83,287,191,117,16,89,58,0,0,14,0,0,233,94,52,0,0,0,0,47,0,0,0,0,67,80,23,20,0,23,23,0,0,91,0,0,110,49,0,15,26,13,61,19,163,0,0,0,14,24,133,39,40,0,14,25,0,57,117,106,34,52,62,70,0,0,33,26,94,24,38,31,0,103,43,0,0,0,63,66,84,106,94,0,20,0,38,51
FeatureID106,25,21,13,77,72,9,21,27,17,122,23,11,0,24,35,8,0,216,362,0,65,103,51,29,13,18,43,8,20,0,59,391,20,14,7,10,0,6,0,124,118,52,45,117,7,0,28,5,63,0,24,20,9,15,46,50,0,11,0,47,0,17,57,15,20,13,125,0,32,39,0,0,82,19,8,26,64,318,0,45,42,86,45,30,28,0,6,0,10,90,19,42,24,0,15,35,11,19,39,0,0,25,65,0,0,24,0,23,0,31,26,12,48,20,86,25,0,20,19,0,0,0,0,0,0,0,0,0,0,0,7,8,0,0,0,0,0,0,0,0,0,0,0,0,0,0,0,0,0,0,0,0,0,0,0,0,0,0,0,0,0,0,0,0,0,0,0,0,7,0,0,0,0,37,11,0,0,0,0,5,0,0,0,0,0,0,0,0,0,5,0,0,0,0,0,0,0,0,0,0,0,0,0,0,0,0,31,0,0,0,0,0,0,0,0,0,13,5,0,0,0,0,0,0,0,0,0,22,0,7,0,0,0,0,0,0,0,0,0
FeatureID107,73,14,21,84,199,63,449,214,530,30,326,90,120,209,243,67,22,0,119,0,121,274,44,59,37,30,15,87,80,94,42,39,108,34,51,27,50,68,6,92,70,111,136,98,0,0,22,0,13,18,247,39,0,30,0,0,0,88,0,11,49,63,32,156,135,12,21,25,111,29,51,41,155,71,25,114,146,113,0,0,25,245,243,10,68,40,73,224,62,161,111,80,12,13,13,378,381,287,326,66,0,103,214,111,83,158,190,129,84,116,9,8,166,31,136,27,32,30,113,12,266,207,102,90,0,101,184,247,0,148,124,308,170,249,279,143,0,0,15,0,24,0,0,0,189,355,100,0,0,0,134,72,47,20,0,0,0,0,0,0,0,26,49,0,0,0,0,0,0,0,0,0,0,0,0,0,0,0,0,0,0,0,38,20,0,0,0,0,0,0,0,0,0,0,0,0,0,0,0,0,113,0,0,0,0,21,469,0,0,0,0,0,161,61,121,52,288,134,131,21,36,43,78,106,43,100,0,77,103,150,0,0,0,27,105,34,53,0,18
FeatureID108,0,0,0,0,0,0,0,0,0,0,0,0,0,0,0,0,0,0,0,0,0,0,0,0,0,0,0,0,0,0,0,0,0,0,0,0,0,0,0,0,0,0,0,0,0,0,0,0,0,0,0,0,0,0,0,0,0,0,0,0,0,0,0,0,0,0,0,0,0,0,0,0,0,0,0,0,0,0,0,0,0,0,0,0,0,0,0,0,0,0,0,0,0,0,0,0,0,0,0,0,0,0,0,0,0,0,0,0,0,0,0,0,0,0,0,0,0,0,0,0,0,15,0,0,0,0,0,0,0,125,0,40,17,93,0,17,0,0,0,0,0,0,0,0,0,0,0,0,0,0,10,0,0,0,9,0,0,15,0,6,14,0,15,0,0,0,0,0,0,0,0,0,13,0,0,0,28,0,0,0,0,50,0,11,0,0,0,0,0,0,0,0,0,0,0,10,52,65,0,0,9,0,0,13,0,8,0,0,0,0,0,0,17,19,21,0,63,16,0,88,22,0,0,0,24,0,0,18,20,0,159,0,0,0,0,0,0,0,11
FeatureID109,0,0,0,0,0,0,0,0,0,0,0,0,0,0,0,0,0,0,0,0,0,0,0,0,0,0,0,0,0,0,0,0,0,0,0,0,0,0,0,0,0,0,0,0,0,0,0,0,0,0,0,0,0,0,0,0,0,0,0,0,0,0,0,0,0,0,0,0,0,0,0,0,0,0,0,0,0,0,0,0,0,0,0,0,0,0,0,0,0,0,0,0,0,0,0,0,0,0,0,0,0,0,0,0,0,0,0,0,0,0,0,0,0,0,0,0,0,0,0,0,0,0,0,0,0,41,134,70,0,82,0,0,8,30,0,57,95,18,0,0,10,37,16,239,163,38,0,24,0,0,137,0,38,0,102,0,60,0,204,211,581,0,128,23,7,8,38,0,19,0,0,0,0,173,157,0,289,0,13,66,0,0,0,83,9,145,29,0,0,0,17,0,226,585,128,39,36,251,86,51,17,7,0,16,0,0,0,22,32,0,0,18,0,24,0,0,0,0,0,18,0,0,0,0,0,0,0,89,0,0,0,0,0,0,68,49,43,44,0
FeatureID110,0,0,0,0,0,0,0,0,0,0,0,0,0,0,0,0,0,13,0,0,0,0,0,0,0,0,0,0,0,0,0,0,0,0,0,0,22,31,0,0,0,0,0,0,0,0,0,0,0,0,0,0,0,0,0,0,0,0,0,0,0,0,0,0,0,0,0,24,0,0,0,0,0,4,0,0,0,75,0,0,11,0,0,0,0,0,0,0,0,0,0,0,0,0,0,0,0,0,0,0,0,0,0,0,0,0,0,0,0,0,0,0,0,0,0,0,0,0,0,0,0,0,0,0,0,0,0,0,0,0,0,0,0,34,0,0,0,0,0,0,0,59,0,159,0,38,0,0,0,0,14,110,0,44,0,35,44,0,28,0,0,0,71,33,0,0,0,0,0,0,0,39,0,0,0,12,0,0,25,0,22,34,47,117,0,25,0,26,0,0,48,0,0,25,54,32,62,73,37,0,55,20,0,0,65,0,0,20,0,0,0,0,0,0,38,0,0,0,45,0,0,0,0,0,0,34,0,0,0,0,0,0,0,0,0,0,0,0,48
FeatureID111,0,0,0,0,0,0,0,0,0,0,0,0,0,0,0,0,0,0,0,0,0,0,0,0,0,0,0,0,0,0,0,0,0,0,0,0,0,0,19,0,0,0,0,0,0,0,0,0,0,11,0,0,0,0,16,38,5,0,0,0,16,9,4,0,4,156,7,0,0,0,0,0,0,0,0,0,0,0,0,0,0,0,0,0,0,0,0,0,0,0,0,0,0,0,0,0,0,0,0,0,0,0,0,0,0,0,0,0,0,9,0,0,0,0,0,0,0,0,0,0,0,0,18,0,0,7,0,0,0,22,0,0,0,24,56,23,0,0,24,0,19,0,27,0,27,0,0,0,0,0,0,0,0,0,0,0,0,35,0,19,54,0,0,0,43,0,0,0,61,0,0,0,0,15,31,0,48,0,0,79,0,0,0,97,33,0,25,0,0,0,0,0,22,0,0,0,0,0,0,27,0,0,0,0,0,0,0,0,0,0,54,0,0,42,0,83,0,0,0,0,0,0,0,0,0,0,0,0,0,39,0,0,0,0,0,0,0,0,0
FeatureID112,0,0,0,0,0,0,0,0,0,0,0,0,0,0,0,0,0,0,0,0,0,0,0,0,0,0,0,0,0,0,0,0,0,0,0,0,0,0,0,0,0,0,0,0,0,0,0,0,0,0,0,0,0,0,0,0,0,0,0,0,0,0,0,0,0,0,0,0,0,0,0,0,0,0,0,0,0,0,0,0,0,0,0,0,0,0,0,0,0,0,0,0,0,0,0,0,0,0,0,0,0,0,0,0,0,0,0,0,0,0,0,0,0,0,0,0,0,0,0,0,0,0,0,0,0,0,0,0,0,0,0,0,0,0,0,0,0,0,0,0,0,0,0,0,0,0,0,0,0,0,0,0,0,0,0,0,0,0,0,0,0,0,0,70,12,5,123,0,0,0,0,0,0,0,151,0,0,0,0,15,10,0,0,0,133,87,34,0,0,0,0,0,0,0,0,0,0,0,0,0,0,25,99,31,0,0,0,0,0,0,0,43,0,71,61,0,0,5,0,0,0,0,0,117,0,0,0,0,11,0,0,0,0,39,0,0,0,0,0
FeatureID113,0,0,0,0,0,0,0,0,0,0,0,0,0,0,0,0,0,0,0,0,0,0,0,0,0,0,0,0,0,0,0,0,0,0,0,0,0,0,0,0,0,0,0,0,0,0,0,0,0,0,0,0,0,0,0,0,0,0,0,0,0,0,0,0,0,0,0,0,0,0,0,0,0,0,0,0,0,0,0,0,0,0,0,0,0,0,0,0,0,0,0,0,0,0,0,0,0,0,0,0,0,0,0,0,0,0,0,0,0,0,0,0,0,0,0,0,0,0,0,0,0,0,0,0,0,0,0,24,0,0,0,0,0,16,0,0,0,0,0,0,0,66,83,59,105,131,42,0,0,0,24,17,43,17,0,6,9,34,23,90,92,47,25,0,28,0,0,0,0,0,0,0,0,0,0,0,0,0,0,0,0,0,0,15,0,0,0,0,0,0,0,0,0,0,0,0,0,0,0,0,0,55,0,23,0,10,30,0,8,0,0,21,31,27,37,18,95,99,44,0,9,40,35,112,0,8,32,40,62,51,0,0,48,72,0,0,0,0,19
FeatureID114,0,0,0,0,0,0,0,0,0,0,0,0,0,0,0,0,0,0,0,0,0,0,0,0,0,0,0,0,0,0,0,0,0,0,0,0,0,0,0,0,0,0,0,0,0,0,0,0,0,0,0,0,0,0,0,0,0,0,0,0,0,0,0,0,0,0,0,0,0,0,0,0,0,0,0,0,0,0,0,0,0,0,0,0,0,0,0,0,0,0,0,0,0,0,0,0,0,0,0,0,0,0,0,0,0,0,0,0,0,0,0,0,0,0,0,0,0,0,0,0,7,0,0,10,0,10,5,0,0,24,11,7,5,8,8,0,0,0,5,16,7,13,16,0,4,8,0,8,7,11,4,20,16,13,7,0,0,0,9,15,27,16,0,0,3,6,6,10,7,7,9,0,0,0,0,7,0,5,5,18,7,0,7,4,52,0,0,3,41,55,0,0,0,0,12,60,0,0,0,0,18,11,0,8,0,0,35,17,0,27,10,3,47,17,14,13,0,11,27,12,3,0,11,31,15,27,21,9,60,35,6,0,26,6,0,0,0,18,12
FeatureID115,0,0,0,0,0,0,0,0,0,0,0,0,0,0,0,0,0,0,0,0,0,0,0,0,0,0,0,0,0,0,0,0,0,0,0,0,0,0,0,0,0,0,0,0,0,0,0,0,0,0,0,0,0,0,0,0,0,0,0,0,0,0,0,0,0,0,0,0,0,0,0,0,0,0,0,0,0,0,0,0,0,0,0,0,0,0,0,0,0,0,0,0,0,0,0,0,0,0,0,0,0,0,0,0,0,0,0,0,0,0,0,0,0,0,0,0,0,0,0,9,18,0,56,0,18,9,0,0,17,20,0,11,7,18,0,0,18,0,17,17,12,0,0,19,26,12,0,0,0,0,0,8,0,0,0,0,13,12,18,30,42,21,0,14,11,0,0,0,0,42,20,0,0,0,9,0,21,7,0,88,0,37,0,23,56,0,0,0,0,24,36,0,35,0,0,24,0,0,0,0,29,0,0,0,39,0,0,0,0,0,0,14,39,0,0,0,27,0,0,0,0,0,0,30,0,20,0,0,0,0,0,0,30,0,0,0,0,0,21
FeatureID116,0,0,0,0,0,0,0,0,0,0,0,0,0,0,0,0,0,0,0,0,0,0,0,0,0,0,0,0,0,0,0,0,0,0,0,0,0,0,0,0,0,0,0,0,0,0,0,0,0,0,0,0,0,0,0,0,0,0,0,0,0,0,0,0,0,0,0,0,0,0,0,0,0,0,0,0,0,0,0,0,0,0,0,0,0,0,0,0,0,0,0,0,0,0,0,0,0,0,0,0,0,0,0,0,0,0,0,0,0,0,0,0,0,0,0,0,0,0,0,0,0,0,0,0,0,0,0,0,0,0,0,0,0,0,0,0,0,0,0,0,0,0,0,0,0,124,0,0,0,0,0,0,0,23,0,0,42,0,0,0,0,0,0,0,0,0,0,0,108,19,0,0,0,0,0,0,0,0,0,763,0,0,0,0,0,0,0,0,0,0,22,0,0,0,0,0,0,0,0,0,0,0,0,0,0,0,0,0,0,0,0,0,0,0,0,0,0,0,0,0,0,0,0,0,0,0,0,0,0,0,0,0,0,0,0,0,0,0,0
FeatureID117,0,0,0,0,0,0,0,0,0,0,0,0,0,0,0,0,0,0,0,0,0,0,0,0,0,0,0,0,0,0,0,0,0,0,0,0,0,0,0,0,0,0,0,0,0,0,0,0,0,0,0,0,0,0,0,0,0,0,0,0,0,0,0,8,0,0,0,0,0,0,0,0,0,0,0,0,0,0,0,0,0,0,0,0,0,0,0,0,0,0,0,0,0,0,0,0,0,0,0,0,0,0,0,0,0,0,0,0,0,0,0,0,0,0,0,0,0,0,0,29,0,0,183,75,0,0,0,0,108,8,86,44,23,34,41,146,53,34,13,31,201,0,0,151,82,49,0,0,0,0,34,0,0,0,19,0,0,0,75,107,26,0,42,16,220,25,79,15,73,147,30,15,0,57,68,0,0,0,11,107,50,95,0,657,153,12,91,91,0,0,0,0,63,0,131,98,71,66,35,0,17,96,571,51,31,21,31,0,0,8,0,63,0,264,0,0,141,44,6,0,0,0,0,60,127,0,0,0,56,11,0,0,0,27,109,38,0,18,0
FeatureID118,0,0,0,0,0,0,0,0,0,0,0,0,0,0,0,0,0,0,0,0,0,0,0,0,0,0,0,0,0,0,0,0,0,0,0,0,0,0,0,0,0,0,0,0,0,0,0,0,0,0,0,0,0,0,0,0,0,0,0,0,0,0,0,0,0,0,0,0,0,0,0,0,0,0,0,0,0,0,0,0,0,0,0,0,0,0,0,0,0,0,0,0,0,0,0,0,0,0,0,0,0,0,0,0,0,0,0,0,0,0,0,0,0,0,0,0,0,0,0,0,0,27,171,22,0,0,0,19,0,180,50,187,19,193,27,14,36,0,0,0,0,0,0,0,0,0,0,7,0,0,0,23,0,0,0,0,0,35,0,0,0,0,0,16,17,0,0,0,36,0,0,0,0,0,24,0,0,0,0,26,0,113,16,41,49,48,0,32,0,0,0,0,54,0,0,0,0,70,43,36,0,0,0,0,13,0,19,0,0,0,0,0,0,0,0,0,0,0,0,0,0,0,0,0,0,0,0,0,25,0,0,0,0,0,0,16,15,0,13
FeatureID119,0,0,0,0,0,0,0,0,0,0,0,0,0,0,0,0,0,0,0,0,0,0,0,0,0,0,0,0,0,0,0,0,0,0,0,0,0,0,0,0,0,0,0,0,0,0,0,0,0,0,0,0,0,0,0,0,0,0,0,0,0,0,0,0,0,0,0,0,0,0,0,0,0,0,0,0,0,0,0,0,0,0,0,0,0,0,0,0,0,0,0,0,0,0,0,0,0,0,0,0,0,0,0,0,0,0,0,0,0,0,0,0,0,0,0,0,0,0,0,41,102,72,0,0,0,76,0,0,7,0,0,0,0,0,0,0,0,11,53,71,27,0,0,0,0,0,0,33,0,0,0,0,22,0,0,0,0,0,0,0,0,0,0,0,15,162,24,15,10,0,11,88,0,0,8,0,0,0,0,0,0,171,110,159,24,44,14,250,778,442,181,48,11,33,120,27,303,319,91,69,370,339,62,787,359,79,922,159,0,0,0,591,666,226,228,172,713,0,32,91,20,119,522,325,59,132,199,782,785,18,25,43,372,201,375,120,0,44,0
FeatureID120,0,0,0,0,0,0,0,0,0,0,0,0,0,0,0,0,0,0,0,0,0,0,0,0,0,0,0,0,0,0,0,0,0,0,0,0,0,0,0,0,0,0,0,0,0,0,0,0,0,0,0,0,0,0,0,0,0,0,0,0,0,0,0,0,0,0,0,0,0,0,0,0,0,0,0,0,0,0,0,0,0,0,0,0,0,0,0,0,0,0,0,0,0,0,0,0,0,0,0,0,0,0,0,0,0,0,0,0,0,0,0,0,0,0,3,0,0,0,0,0,0,0,0,0,0,0,43,68,33,45,6,15,14,15,4,0,13,12,0,0,0,4,0,326,0,61,0,0,0,0,30,0,0,0,0,0,0,0,36,23,39,11,10,27,8,0,22,0,0,0,74,20,3,79,153,0,0,0,0,52,176,27,0,204,98,92,31,22,0,0,96,87,102,17,130,57,45,151,32,7,14,0,0,0,0,0,0,0,0,0,0,0,0,0,0,0,9,12,0,0,0,0,0,0,0,0,0,11,13,3,0,0,0,0,61,6,0,0,0
FeatureID121,0,0,0,0,0,0,0,0,0,0,0,0,0,0,0,0,0,0,0,0,0,0,0,0,0,0,0,0,0,205,0,0,0,0,0,0,0,0,0,0,0,0,0,0,246,517,261,17,458,197,118,0,143,219,122,105,180,210,64,167,56,73,0,63,105,274,34,27,67,0,25,37,23,0,73,34,30,0,0,0,0,84,51,303,0,286,16,285,36,0,215,30,263,199,71,0,0,152,48,42,23,54,64,333,470,78,128,87,174,17,42,101,162,0,97,56,90,105,52,0,0,0,0,0,0,0,0,0,0,0,0,0,0,0,0,0,0,0,0,0,0,0,0,0,0,0,0,0,0,0,0,0,0,0,0,0,0,0,0,0,0,0,0,0,0,0,0,0,0,0,0,0,0,0,0,0,0,0,0,0,0,0,0,0,0,0,0,0,0,0,0,0,0,0,0,0,0,0,0,0,0,0,0,0,0,0,0,0,0,0,0,0,0,0,0,0,0,0,0,0,0,0,0,0,0,0,0,0,0,0,0,0,0,0,0,0,0,0,0
FeatureID122,0,0,0,0,0,0,0,0,0,0,0,0,0,0,0,0,0,0,0,0,0,0,0,0,0,0,0,0,0,250,0,0,0,0,0,0,0,0,0,0,0,0,0,0,0,0,0,0,0,0,49,0,0,0,0,0,0,0,0,0,0,0,0,0,0,0,0,0,0,0,0,0,0,0,0,0,0,0,0,0,0,82,173,375,0,104,0,76,41,0,204,90,53,229,348,0,0,53,47,34,10,144,171,285,175,132,61,19,48,0,10,28,15,0,8,0,20,20,21,0,0,0,0,0,0,0,0,0,0,0,0,0,0,0,0,0,0,0,0,0,0,0,0,0,0,0,0,0,0,0,0,0,0,0,0,0,0,0,0,0,0,0,0,0,0,0,0,0,0,0,0,0,0,0,0,0,0,0,0,0,0,0,0,0,0,0,0,0,0,0,0,0,0,0,0,0,0,0,0,0,0,0,0,0,0,0,0,0,0,0,0,0,0,0,0,0,0,0,0,0,0,0,0,0,0,0,0,0,0,0,0,0,0,0,0,0,0,0,0
FeatureID123,0,13,41,73,124,74,38,0,39,83,39,43,21,33,107,99,74,13,40,0,130,111,40,66,56,138,39,86,315,0,100,51,10,0,64,58,43,51,26,45,8,21,39,23,82,0,0,31,0,12,0,29,96,38,94,12,22,0,18,13,47,0,13,21,44,25,48,40,12,0,21,19,12,0,51,40,76,215,0,90,29,0,0,0,0,0,0,0,0,0,0,0,0,0,0,0,0,0,0,0,0,0,0,0,0,0,0,0,0,20,0,0,0,143,0,0,0,0,0,75,167,20,138,69,84,245,173,96,188,78,25,24,48,51,54,102,101,126,41,61,79,50,0,0,7,31,0,20,7,8,343,89,15,17,39,0,11,35,268,90,146,106,38,230,72,63,186,25,139,198,101,74,9,104,329,379,32,180,63,186,134,79,174,70,352,360,296,136,160,71,112,194,71,34,159,224,37,77,205,171,140,125,70,44,171,84,119,86,95,57,85,220,151,94,80,218,74,243,144,191,13,49,97,239,172,62,167,72,74,58,203,41,142,188,359,80,213,107,125
FeatureID124,0,0,0,0,0,0,0,0,0,85,0,0,0,0,0,0,0,0,0,0,0,0,0,0,0,0,3,0,0,0,0,27,0,0,0,0,0,0,0,0,0,0,0,0,0,0,0,0,0,0,0,0,0,0,0,0,0,0,0,0,0,0,0,0,0,0,0,0,0,0,0,0,0,0,0,0,0,26,0,0,0,0,0,0,0,0,0,0,0,0,0,0,0,0,0,0,0,0,0,0,0,0,0,0,0,0,0,0,0,0,0,0,0,0,0,0,0,0,0,0,0,14,17,7,4,0,8,14,6,9,0,0,0,0,0,0,22,9,4,10,25,38,26,111,52,38,15,345,12,304,6,4,80,20,29,6,40,50,56,3,9,26,36,224,0,4,8,0,16,4,0,19,7,79,382,139,0,0,4,84,26,0,0,465,19,264,0,12,4,4,121,9,0,5,94,136,0,8,6,9,11,266,129,122,50,140,11,106,134,429,204,574,36,17,3,8,20,8,15,0,12,0,343,64,29,0,10,3,3,7,128,157,13,9,4,141,45,267,303
FeatureID125,20,25,19,13,0,18,30,23,0,18,15,6,18,15,22,9,32,14,27,0,39,33,20,23,36,20,0,15,12,15,49,0,10,10,18,0,13,27,9,16,35,17,11,9,13,8,0,20,15,0,0,10,19,19,0,0,8,0,0,0,13,0,0,12,0,44,17,12,17,0,9,21,0,0,20,27,0,0,0,13,23,0,0,7,0,0,13,7,15,0,14,0,32,29,15,0,0,14,0,0,12,16,0,30,15,0,27,10,7,7,0,9,0,0,0,22,0,0,0,0,0,8,0,0,0,0,0,0,0,12,0,0,0,0,0,0,0,12,0,0,0,26,14,84,32,38,0,103,10,33,0,14,34,16,13,10,0,13,19,24,33,38,31,48,14,14,16,12,15,23,11,30,0,24,63,17,61,11,25,44,27,13,18,50,17,44,59,30,17,10,65,30,36,28,23,31,0,0,13,9,12,16,20,24,8,25,0,15,10,14,10,41,0,34,11,10,23,12,9,8,0,0,24,17,18,0,22,0,4,0,18,0,0,6,0,0,11,23,38
FeatureID126,6,5,0,0,0,0,10,0,0,9,8,0,0,0,0,0,7,0,0,0,0,0,0,9,13,0,0,0,0,0,52,0,0,0,5,0,0,0,0,0,0,0,0,0,0,0,0,0,0,0,0,0,0,0,7,11,0,6,0,0,0,0,0,0,0,11,0,0,0,0,0,0,0,0,5,8,0,0,0,4,0,0,0,0,5,8,0,15,0,0,0,0,0,0,0,0,0,0,0,0,0,6,0,0,0,0,0,0,0,0,0,0,0,0,0,0,0,0,0,0,11,0,10,0,0,0,0,4,0,0,0,0,0,0,0,0,0,0,0,0,0,0,0,13,0,0,0,0,0,0,0,0,0,0,0,0,0,5,8,0,0,0,0,8,49,12,14,17,5,0,14,9,0,7,37,37,40,7,20,10,0,22,35,93,22,23,26,20,14,14,0,0,11,16,44,20,7,6,0,15,16,39,0,0,0,0,14,7,24,14,0,0,7,0,0,0,0,0,0,19,0,0,0,19,14,0,0,15,6,0,35,13,0,0,0,0,0,19,24
FeatureID127,33,16,0,10,95,27,110,393,620,471,254,84,34,33,80,0,0,164,169,0,24,125,51,93,522,234,403,889,98,298,1492,186,508,301,1089,251,261,296,84,100,136,50,95,168,0,21,0,0,0,0,246,55,44,0,56,398,93,159,39,0,170,109,0,226,314,389,288,102,128,253,92,30,100,479,84,11,239,354,0,107,93,981,291,211,272,51,52,0,145,294,234,547,67,423,1188,1343,394,267,378,344,24,225,531,253,179,168,265,161,239,0,404,148,240,377,40,0,49,117,208,0,0,0,0,0,7,0,0,0,0,0,0,0,0,0,0,0,0,0,0,0,0,0,0,0,0,0,0,0,0,0,0,0,0,0,0,0,0,0,0,0,0,0,0,24,0,21,43,16,0,0,13,0,0,317,0,0,0,0,0,0,25,0,0,0,0,0,0,0,0,0,63,75,0,0,0,0,0,0,0,0,0,213,126,565,57,0,0,0,72,43,31,265,26,52,337,0,0,0,0,0,0,45,61,0,23,79,0,17,0,0,0,0,0,15,0,0,32,64,31
FeatureID128,0,0,0,0,0,0,0,0,0,0,0,0,0,22,57,33,37,0,0,0,0,0,0,0,0,0,0,0,0,0,0,0,0,0,0,0,70,69,184,0,0,0,0,0,0,0,0,0,0,0,27,0,0,0,0,0,0,0,0,0,0,0,0,0,0,0,0,0,0,0,0,0,0,0,0,0,0,0,0,0,0,0,0,0,0,0,0,0,0,0,0,0,0,0,0,0,22,95,73,0,0,0,0,0,0,0,0,305,16,0,0,0,0,0,0,0,0,0,0,296,138,37,168,31,0,71,58,95,0,124,103,156,82,0,0,0,0,337,0,35,153,0,0,0,0,0,0,0,0,0,0,0,0,0,0,0,0,0,0,0,0,0,9,112,212,53,0,0,0,0,0,0,14,78,102,14,12,0,0,0,0,0,0,0,415,48,149,21,0,36,0,0,0,0,90,115,0,0,0,0,0,0,0,0,0,0,0,0,0,0,0,0,0,0,0,11,0,48,22,0,0,0,0,81,0,0,0,0,198,31,0,0,0,0,0,0,0,0,0
FeatureID129,125,103,129,112,103,55,454,449,216,0,570,143,80,267,559,297,112,109,505,12,324,143,185,297,274,174,162,134,730,88,358,210,659,315,376,416,535,330,146,547,121,256,422,734,92,13,61,37,124,50,665,122,76,106,468,403,72,119,32,284,139,171,223,362,399,649,1349,175,79,753,443,61,1050,225,83,1124,505,51,0,216,83,1253,384,218,816,400,287,501,101,448,63,966,103,124,368,2597,1649,1098,192,58,188,539,1187,72,66,307,296,704,81,102,631,416,277,745,126,141,113,358,210,0,0,0,0,0,0,0,0,0,0,0,0,0,0,0,0,0,0,0,0,0,0,0,0,0,0,0,0,0,0,0,0,0,0,0,0,0,0,0,0,0,0,0,0,0,0,0,0,0,0,0,0,0,0,105,0,0,0,0,0,0,0,0,0,0,0,0,0,0,0,0,0,0,0,0,0,0,0,0,0,0,0,0,0,0,0,0,0,0,0,0,0,0,0,0,0,0,0,0,0,0,0,0,0,0,0,0,0,0,0,0,0,0,0,0,0,0,0,0,0
FeatureID130,0,9,39,51,7,16,0,0,0,145,91,35,16,26,34,6,100,11,94,7,176,85,0,0,0,0,0,0,0,0,0,0,0,0,0,0,0,0,0,0,0,0,0,0,0,0,0,0,0,0,0,6,0,0,0,0,0,0,0,0,0,0,0,0,0,0,0,0,0,0,0,0,0,0,25,0,0,192,0,0,8,0,0,0,0,0,0,0,0,0,0,0,0,0,0,0,0,0,0,0,0,0,0,0,0,0,0,0,0,0,0,0,0,0,3,7,0,0,0,0,0,0,0,0,0,0,0,0,0,0,0,0,0,0,0,0,0,0,0,0,0,0,0,0,0,0,0,0,0,0,0,0,0,0,0,0,0,0,0,0,0,0,0,0,0,0,0,0,0,0,0,0,0,0,0,0,0,0,0,0,0,0,0,0,0,0,0,0,0,0,0,0,0,0,0,0,0,0,0,0,0,0,0,0,0,0,0,0,0,0,0,0,0,0,0,0,0,0,0,0,0,0,0,0,0,0,0,0,0,0,0,0,0,0,0,0,0,0,0
FeatureID131,60,169,0,113,252,59,29,204,0,0,32,17,30,211,180,333,46,0,201,0,78,170,315,549,381,201,631,197,137,100,11,352,285,170,56,335,794,863,257,40,82,99,294,448,0,0,68,0,28,12,408,0,0,0,0,97,0,102,12,29,223,134,0,0,93,21,227,68,65,185,0,14,56,0,0,0,0,0,0,0,0,942,1324,321,500,160,1046,22,22,407,166,279,33,32,0,271,319,235,0,157,0,240,626,89,60,805,112,86,131,141,0,0,475,103,52,27,0,10,130,0,1181,0,0,218,1156,505,871,775,0,466,723,0,11,0,0,0,0,727,380,0,269,0,0,0,0,57,0,0,0,0,0,0,0,0,0,89,42,691,0,132,142,0,0,0,0,96,400,0,102,208,0,286,0,456,0,0,0,0,0,79,192,212,839,0,897,0,0,1236,63,545,0,25,77,752,154,379,48,107,96,637,219,62,0,93,0,0,159,0,0,181,61,132,202,0,95,0,0,0,373,78,0,58,140,209,53,231,0,179,148,0,0,0,113,83,552,839,260,0,57
FeatureID132,0,0,0,0,0,0,0,0,0,0,0,0,0,0,0,0,0,0,0,0,0,0,0,0,0,0,0,0,0,0,0,0,0,0,0,0,0,0,0,0,0,0,0,0,0,0,0,0,0,0,0,0,0,0,0,0,0,0,0,0,0,0,0,0,0,0,0,0,0,0,0,0,0,0,0,0,0,0,0,0,0,0,0,0,0,24,0,0,0,0,0,0,0,0,0,0,0,0,0,0,0,0,0,0,0,0,0,0,0,0,0,0,0,0,0,0,0,0,0,0,0,0,0,0,0,0,0,65,0,47,0,0,0,0,0,0,0,0,0,0,0,0,0,0,0,0,0,0,0,0,225,2552,2800,1582,4057,7199,2550,3777,551,0,0,0,0,0,0,1044,0,0,16,0,0,0,0,0,0,7095,756,8606,0,135,0,0,0,0,0,0,0,0,0,0,0,0,0,0,0,0,0,0,0,0,0,0,0,39,0,0,106,0,0,0,0,0,0,0,0,0,0,21,16,0,0,0,0,0,0,0,0,20,82,21,0,50,0,0,82,3637,0,0,0
FeatureID133,0,0,0,0,0,0,0,0,0,0,0,0,0,0,0,0,0,0,0,0,0,0,0,0,0,0,0,0,0,0,0,0,0,0,0,0,0,0,0,0,0,0,0,0,0,0,0,0,0,0,0,0,28,0,0,0,0,0,0,0,0,0,0,0,0,0,0,0,0,0,0,0,0,0,0,0,0,0,0,0,0,0,0,0,0,0,0,0,0,0,0,0,0,0,0,0,0,0,0,0,0,0,0,0,0,0,0,0,0,0,0,0,0,0,0,0,0,0,0,690,183,784,22,0,294,339,235,346,0,402,509,708,382,643,1367,767,0,0,258,652,158,0,0,0,0,0,0,0,0,0,0,0,0,0,0,0,0,33,0,0,0,0,0,0,0,0,0,0,0,0,0,0,0,0,0,0,0,0,0,0,0,92,0,0,23,0,0,0,0,0,0,0,80,183,143,0,0,354,257,48,119,0,0,0,0,0,12,0,0,0,0,0,771,723,25,12,151,43,432,65,105,81,596,408,145,0,0,310,0,141,162,14,249,209,0,0,42,166,53
FeatureID134,0,0,0,0,0,0,0,0,0,0,0,0,0,27,16,0,0,0,0,0,0,0,0,0,0,0,0,0,0,32,0,0,0,0,0,0,0,0,0,0,0,0,0,0,0,0,0,0,0,0,33,0,0,0,0,0,0,0,0,0,0,0,0,0,0,0,0,0,0,0,0,0,0,0,0,0,0,0,0,0,0,293,522,13,0,0,14,0,16,30,116,9,0,0,0,0,0,0,22,9,0,6,31,0,0,19,9,0,0,0,0,0,0,0,6,7,0,12,14,0,0,0,0,0,0,0,17,0,0,0,26,100,57,23,28,0,0,0,0,0,0,116,18,26,104,0,70,146,86,0,107,0,20,12,15,24,38,0,14,146,95,176,278,77,392,122,31,0,0,0,115,639,29,146,81,0,0,0,0,0,0,424,8,0,104,121,282,0,97,83,0,0,16,513,253,301,0,0,201,41,125,197,170,308,0,6,849,32,151,176,283,363,647,301,473,0,0,61,58,435,917,226,42,41,373,454,0,42,521,780,266,680,827,539,38,51,168,480,412
FeatureID135,0,0,0,0,0,0,0,25,9,16,88,0,17,8,40,19,10,0,11,0,0,15,38,51,34,12,23,36,11,0,170,77,22,11,15,5,7,17,0,7,26,16,19,18,0,0,0,0,0,0,0,0,0,0,0,109,12,0,8,0,20,9,10,11,26,15,0,14,9,16,0,20,0,20,7,8,8,35,0,0,0,7,14,0,15,0,6,0,0,10,41,0,0,25,0,6,18,5,6,14,0,8,12,0,0,6,0,0,0,0,0,0,8,41,25,35,0,7,0,16,0,11,0,14,0,68,0,0,8,0,7,0,0,6,0,0,8,23,47,0,11,0,0,0,0,0,0,0,0,0,0,0,0,0,0,0,0,0,0,0,0,0,0,0,0,0,0,0,0,0,28,0,0,10,0,0,0,0,16,0,0,0,22,0,0,0,0,0,0,0,0,0,0,0,0,0,35,0,0,0,0,0,7,12,0,0,30,0,0,12,47,0,15,0,7,14,0,0,0,62,0,0,0,9,0,80,0,0,6,0,0,71,0,66,45,40,84,15,15
FeatureID136,0,0,0,0,0,0,0,0,0,0,0,0,0,0,0,0,0,0,0,0,0,0,0,0,0,0,0,0,0,0,0,0,0,0,0,0,0,0,0,0,0,0,0,0,0,0,0,0,0,0,0,0,0,0,0,0,0,0,0,0,0,0,0,0,0,0,0,0,0,0,0,0,0,0,0,0,0,0,0,0,0,0,0,0,0,0,0,0,0,0,0,0,0,0,0,0,0,0,0,0,0,0,0,0,0,0,0,0,0,0,0,0,0,0,0,0,0,0,0,0,0,0,0,0,0,0,0,0,360,0,0,0,0,0,0,0,459,757,160,283,0,0,0,0,0,0,0,0,0,0,2703,0,0,0,0,0,0,0,665,557,33,100,166,0,0,0,0,0,0,0,0,326,32,0,0,0,0,0,0,0,0,266,0,0,1246,0,0,0,0,0,0,0,138,1234,177,0,23,0,383,439,684,193,0,0,425,0,17,0,0,0,0,316,241,0,0,0,0,0,17,0,0,157,1039,0,0,103,101,0,0,0,0,0,0,304,1568,669,0,25,0
FeatureID137,0,0,0,0,0,0,0,0,0,0,0,0,0,0,0,0,0,0,0,0,0,0,0,0,0,0,0,0,0,0,0,0,0,0,0,0,0,0,0,0,0,0,0,0,0,0,0,0,0,0,0,0,0,0,0,0,0,0,0,0,0,0,0,0,0,0,0,0,0,0,0,0,0,0,0,0,0,0,0,0,0,0,0,0,0,0,0,0,0,0,0,0,0,0,0,0,0,0,0,0,0,0,0,0,0,0,0,0,0,0,0,0,0,0,0,0,0,0,0,0,0,0,0,0,0,0,0,0,0,0,0,0,0,0,0,0,0,0,0,0,0,0,0,0,0,0,0,0,0,0,0,0,0,0,0,0,0,0,0,0,0,0,0,0,0,0,17,232,0,21,0,0,0,0,48,28,0,0,0,94,43,64,16,0,102,0,0,0,88,199,0,0,0,0,30,0,0,48,44,45,36,0,0,0,0,0,0,0,0,0,0,0,0,0,0,0,0,0,0,0,0,0,0,0,0,0,0,0,0,0,0,0,0,0,0,0,0,0,0
FeatureID138,0,0,0,0,0,0,0,0,0,0,0,0,0,0,0,0,0,0,0,0,0,0,0,0,0,0,0,0,0,0,0,0,0,0,0,0,0,0,0,0,0,0,0,0,0,0,0,0,0,0,0,0,0,0,0,0,0,0,0,0,0,0,0,0,0,0,0,0,0,0,0,0,0,0,0,0,0,0,0,0,0,0,0,0,0,0,0,0,0,0,0,0,0,0,0,0,0,0,0,0,0,0,0,0,0,0,0,0,0,0,0,0,0,0,0,0,0,0,0,0,0,0,0,0,0,0,0,0,0,0,0,0,0,0,0,0,0,0,0,0,0,0,0,0,0,0,0,0,0,0,0,0,0,0,0,0,0,0,0,0,0,0,0,0,0,0,0,281,30,0,0,0,0,0,0,0,0,0,0,84,39,68,0,0,125,0,0,0,108,289,0,0,0,0,0,0,0,0,0,33,0,0,0,0,0,0,0,0,0,0,0,0,0,0,0,0,0,0,0,0,0,0,0,0,0,0,0,0,0,0,0,0,0,0,0,0,0,0,0
FeatureID139,0,0,0,0,0,0,0,0,0,46,0,0,0,0,0,0,0,44,0,0,0,0,89,0,62,59,0,47,0,0,95,0,14,0,0,11,36,53,50,27,5,0,30,0,50,0,149,0,0,0,11,55,0,12,0,0,10,12,8,0,0,88,9,19,83,0,35,65,74,0,0,7,0,0,42,9,85,67,0,10,12,0,13,0,0,0,0,0,0,0,53,0,0,0,0,0,0,0,0,7,0,0,0,0,0,0,0,0,0,0,0,0,0,0,0,0,0,0,0,14,19,0,0,16,0,17,19,35,24,19,17,23,22,16,21,23,25,10,27,21,31,0,8,0,0,0,0,0,26,0,66,34,27,17,0,37,14,7,46,21,9,31,0,17,14,54,15,0,20,0,57,0,0,13,0,88,0,16,19,24,0,0,14,34,72,0,0,0,11,65,0,0,28,10,34,12,0,36,12,0,8,0,0,0,0,0,0,0,0,25,0,0,0,0,0,0,0,0,0,0,0,0,0,0,0,0,0,0,0,0,0,0,0,0,20,101,32,18,0
FeatureID140,12,0,0,72,63,85,0,0,0,0,75,44,49,23,386,247,66,0,35,0,50,56,0,0,0,0,0,0,0,0,0,0,0,0,0,0,0,0,0,0,0,0,0,0,0,0,0,0,0,0,0,0,0,0,0,0,0,0,0,0,0,0,0,0,0,0,0,0,0,0,0,0,0,0,0,0,0,0,0,0,0,0,0,0,0,0,0,0,0,0,0,0,0,0,0,0,0,0,0,0,0,0,0,0,0,0,0,0,0,0,0,0,0,0,0,0,0,0,0,0,0,0,0,0,0,0,0,0,0,0,0,0,0,0,0,0,0,0,0,0,0,0,0,0,0,0,0,0,10,0,0,0,0,0,0,0,0,0,0,0,0,0,0,0,0,0,0,0,0,0,0,0,0,0,0,0,0,0,0,0,0,0,0,0,0,0,0,0,0,0,0,0,0,0,0,0,0,0,0,0,0,0,0,0,0,0,0,0,0,0,0,0,0,0,0,0,0,0,0,0,0,0,0,0,0,0,0,0,0,0,0,0,0,0,0,12,0,0,0
FeatureID141,0,0,0,0,0,0,0,0,0,0,0,0,0,0,0,0,13,0,0,0,0,0,0,0,13,0,0,0,0,0,0,0,0,0,0,0,0,0,202,0,0,0,0,0,0,0,0,0,0,0,7,0,0,0,0,0,0,0,0,0,0,324,0,0,0,0,0,0,0,0,0,0,414,0,0,0,0,0,0,0,47,0,2,0,0,0,0,232,0,0,0,0,0,0,0,0,0,0,0,0,0,0,0,0,0,0,0,0,0,220,0,0,0,0,0,0,0,0,0,0,0,0,0,0,0,0,0,0,0,0,0,0,0,0,0,0,0,0,0,0,0,0,0,0,0,0,0,0,0,0,0,0,0,0,0,0,0,0,0,0,0,0,0,0,0,0,0,0,0,0,0,0,0,0,0,0,0,0,0,0,0,0,0,0,0,0,0,0,0,0,0,0,0,0,0,0,0,0,0,0,0,0,0,0,0,0,0,0,0,0,0,0,0,0,0,0,0,0,0,0,0,0,0,0,0,0,0,0,0,0,0,0,0,0,0,0,0,0,0
FeatureID142,25,29,8,53,81,16,61,113,27,73,55,21,10,42,56,28,8,40,46,0,25,57,32,44,119,35,44,93,35,24,162,147,69,39,50,13,27,29,14,68,15,28,36,48,12,0,45,0,25,9,25,11,10,11,43,55,18,37,0,14,82,44,22,28,86,97,76,21,58,27,32,5,27,39,11,82,91,62,0,18,33,120,123,48,49,8,11,19,33,104,72,66,12,40,25,86,34,27,71,34,11,52,199,53,7,105,27,33,24,33,47,17,107,55,35,82,23,19,46,22,0,118,20,126,21,60,128,99,12,13,32,20,15,6,20,21,7,16,19,20,18,67,88,10,54,30,41,31,112,13,76,37,58,0,39,0,40,0,36,15,49,63,32,13,48,74,25,22,16,17,41,15,8,64,22,7,0,17,10,51,14,29,70,38,136,32,11,72,41,183,29,11,24,60,25,118,18,20,30,51,54,20,11,88,53,17,378,40,50,63,162,49,130,25,40,29,53,22,61,48,44,23,106,66,36,57,43,92,113,91,28,39,87,39,91,58,32,31,19
FeatureID143,24,22,9,49,11,76,93,0,0,75,0,43,0,17,34,43,0,0,15,0,10,62,86,69,82,89,31,58,47,0,155,37,32,16,67,88,50,109,83,0,0,0,21,35,0,0,0,0,0,0,0,0,16,0,0,0,20,0,12,18,23,8,10,52,42,18,0,14,8,0,0,36,8,0,12,13,16,41,0,0,7,0,0,0,0,0,0,0,0,0,0,0,0,0,0,0,0,0,0,0,0,0,0,0,0,0,0,0,0,0,0,0,0,43,0,0,0,0,0,314,262,233,610,411,316,485,252,278,806,360,249,448,642,1163,710,641,696,592,392,349,341,96,54,124,269,182,72,268,111,123,524,161,235,167,174,140,180,275,541,482,294,210,242,257,389,288,315,9,216,234,327,212,23,209,294,342,392,193,89,277,129,288,416,235,444,372,516,450,202,81,137,149,390,385,393,307,658,472,786,364,356,325,401,234,268,375,358,226,128,126,195,168,402,579,296,534,349,712,375,220,96,154,201,454,533,321,388,385,521,303,284,132,325,215,868,622,231,322,430
FeatureID144,0,0,0,0,0,0,0,0,0,0,0,0,0,0,0,0,0,0,0,0,0,0,0,0,0,0,0,0,0,158,0,0,0,0,0,0,0,0,0,0,0,0,0,0,0,0,0,0,0,0,6,0,0,0,0,0,0,0,0,0,0,0,0,0,0,0,0,0,0,0,0,0,0,0,0,0,0,0,0,0,0,40,34,74,0,0,0,26,15,8,206,47,6,88,24,0,0,69,6,6,0,121,178,70,135,37,58,0,15,0,23,8,166,32,3,3,25,17,9,30,65,56,17,69,23,101,156,81,45,46,14,44,32,46,16,24,31,26,19,19,37,151,188,82,70,174,26,44,300,79,84,42,127,33,83,95,23,21,94,66,35,26,13,16,0,15,13,81,28,31,11,0,0,26,19,17,77,42,41,16,12,5,5,36,34,8,0,4,9,11,6,31,10,8,31,36,13,22,15,21,5,16,6,26,31,15,24,20,28,42,21,49,25,17,38,22,14,17,20,63,19,10,48,39,13,18,11,19,10,13,44,52,57,90,19,81,70,46,6
FeatureID145,43,35,37,133,61,36,114,11,82,18,56,41,41,17,87,85,38,17,23,0,69,110,102,9,64,123,13,34,102,68,203,35,21,0,28,65,45,96,64,35,7,10,42,43,36,17,0,0,0,0,10,9,35,26,18,12,40,7,34,13,25,0,39,83,122,23,22,23,0,0,17,35,8,34,116,129,54,114,0,50,32,35,0,26,0,6,0,20,29,0,102,12,0,62,18,0,0,12,0,9,0,0,29,61,48,20,31,16,12,0,43,28,13,61,58,8,27,0,10,177,270,155,201,235,209,216,261,194,899,205,107,78,268,286,202,170,689,489,186,262,226,304,155,319,370,207,118,323,150,310,774,195,458,99,207,143,70,175,577,246,227,201,158,333,243,272,308,187,366,354,280,193,21,208,396,337,391,265,286,382,366,308,277,198,442,475,415,380,339,227,278,426,256,208,288,382,710,380,518,405,230,299,167,141,265,128,87,107,88,124,236,227,352,352,211,282,95,183,151,135,52,85,253,338,336,117,174,79,68,107,156,99,241,210,916,493,192,165,143
FeatureID146,0,0,0,0,0,0,21,0,73,31,115,0,0,0,0,0,0,0,0,0,0,0,0,0,12,0,0,34,0,0,7,20,19,0,9,0,20,11,12,0,0,0,0,0,0,0,12,0,24,0,24,0,0,0,0,14,0,0,0,0,0,0,0,0,11,0,0,0,7,0,0,0,0,0,0,0,0,0,0,0,0,0,0,0,0,0,0,0,0,0,27,0,0,0,10,26,9,0,16,0,0,0,0,0,0,0,0,0,0,24,0,0,7,0,0,0,0,0,0,32,35,43,20,48,43,33,47,72,31,50,65,149,46,49,117,40,11,0,27,0,0,16,31,0,0,21,12,15,0,0,56,0,0,28,19,45,31,11,19,12,168,74,44,0,0,73,0,0,0,38,91,130,0,54,15,91,0,0,0,20,26,63,56,224,578,13,18,16,14,71,0,0,0,27,25,42,98,73,0,140,37,24,9,28,61,0,185,0,142,64,88,11,58,69,16,64,47,22,152,168,21,0,0,33,0,25,25,24,84,191,28,13,70,0,66,10,0,0,9
FeatureID147,13,10,0,11,26,0,18,0,25,14,10,0,9,8,34,9,0,0,0,0,0,10,0,0,11,0,13,20,0,0,22,14,16,0,13,0,0,0,0,0,0,0,9,0,0,0,14,0,0,0,0,0,0,0,0,0,0,0,0,0,0,0,10,0,29,0,13,0,0,0,0,0,12,0,6,16,27,0,0,0,7,11,0,0,0,0,0,0,0,0,0,0,0,0,0,12,8,0,33,0,0,0,18,0,0,6,0,0,0,0,11,0,0,9,13,0,0,0,8,11,24,11,0,0,0,28,23,20,9,0,0,0,0,0,12,0,0,18,16,36,0,0,14,0,0,0,0,0,22,7,0,15,22,9,0,22,38,0,0,0,0,0,0,0,0,0,0,0,0,0,0,0,0,0,0,20,0,0,0,0,0,0,0,0,0,0,0,0,0,0,0,0,0,0,0,0,0,0,0,16,0,0,0,0,0,0,14,0,0,0,0,0,0,0,0,0,0,0,0,0,0,0,0,0,0,0,0,0,15,0,0,0,0,0,0,0,15,0,0
FeatureID148,19,14,0,20,52,19,8,31,78,72,27,19,18,25,64,55,16,12,8,0,0,0,46,26,119,23,55,188,12,21,99,39,65,19,53,37,28,26,33,0,0,0,0,0,8,0,63,0,23,23,110,0,0,12,10,0,12,22,0,19,128,94,0,13,32,17,0,8,13,0,5,0,0,42,8,39,34,127,0,12,9,9,8,13,18,0,0,0,15,8,40,0,0,9,17,25,14,14,0,0,0,0,12,13,0,14,8,12,30,85,10,0,35,28,49,23,16,0,9,16,213,80,78,94,57,149,208,176,51,48,37,73,25,31,25,32,54,112,63,107,34,27,16,0,29,67,0,85,207,54,44,27,140,28,89,116,174,38,47,0,12,28,0,0,31,0,0,0,0,0,27,0,41,52,15,48,12,66,24,0,0,39,69,134,41,0,0,26,6,0,10,0,0,21,62,17,9,5,40,20,67,43,25,94,51,11,96,43,0,28,178,137,323,38,34,18,13,49,158,10,70,135,117,261,59,65,35,0,10,22,19,21,326,68,17,52,18,32,34
FeatureID149,0,0,0,0,0,0,0,0,0,0,0,0,0,0,0,0,0,0,0,0,0,0,0,0,26,0,0,21,0,0,34,23,0,0,0,0,0,0,0,0,0,0,0,0,0,0,0,0,0,0,0,0,0,0,10,34,0,0,0,0,0,0,0,0,20,14,0,0,0,0,0,0,0,0,0,0,0,0,0,0,0,0,0,0,0,0,0,0,0,0,0,0,0,0,0,0,0,0,0,0,0,0,0,0,0,0,0,0,0,0,0,0,0,0,0,0,0,0,0,0,0,0,0,0,0,0,0,0,0,0,0,0,0,0,0,0,0,0,0,0,0,0,0,0,0,0,0,0,0,0,0,0,0,0,0,0,0,0,0,0,0,0,0,0,0,0,0,0,0,0,0,0,0,16,0,0,0,0,0,0,0,0,0,0,0,0,0,0,0,0,0,0,0,0,0,0,0,0,0,0,0,29,0,34,0,0,146,44,48,59,190,13,0,0,0,17,0,13,0,0,0,0,0,0,0,0,24,179,548,362,24,0,0,0,0,0,33,32,20
FeatureID150,53,57,25,103,260,136,125,126,322,142,197,25,106,60,358,96,99,50,158,0,88,177,113,35,121,74,35,222,31,26,137,421,73,20,47,24,42,59,21,136,34,36,80,85,0,0,36,0,35,11,21,12,29,26,67,113,62,27,0,9,124,109,69,126,110,251,92,42,62,73,57,20,80,107,26,64,195,371,0,36,70,121,110,12,108,5,10,0,23,95,106,78,19,12,88,94,194,55,86,52,0,38,231,24,8,23,11,16,9,79,56,30,170,66,185,40,30,32,44,228,282,13,63,89,89,190,129,167,69,60,55,28,18,28,38,0,39,121,116,111,55,212,454,53,60,114,40,130,578,143,185,157,187,130,104,167,116,0,47,33,76,159,27,14,52,27,61,155,58,101,91,13,48,43,52,447,51,81,59,54,195,57,85,114,200,14,11,30,243,354,45,65,20,67,284,399,101,43,43,30,181,71,25,106,94,25,438,40,19,57,128,112,122,45,101,28,70,34,303,58,23,43,86,102,65,66,48,247,109,137,36,48,97,57,109,117,148,67,25
FeatureID151,0,0,0,0,0,0,0,0,0,5,0,0,0,0,0,0,0,0,0,0,0,0,0,0,0,0,0,0,0,0,0,0,0,0,0,0,0,0,0,0,0,0,0,0,0,0,0,0,0,0,0,0,0,0,0,0,0,0,0,0,0,0,0,0,0,0,0,0,0,0,0,0,0,0,0,0,0,0,0,0,0,0,0,0,0,0,0,0,0,0,0,0,0,0,0,0,0,0,0,0,0,0,0,0,0,0,0,0,0,0,0,0,0,0,0,0,0,0,0,0,0,0,30,18,87,0,0,0,0,13,0,53,10,11,29,13,0,0,0,33,0,35,15,10,0,0,0,75,153,20,40,0,29,5,19,49,161,0,7,57,56,55,17,0,14,81,0,0,0,0,92,0,0,0,0,4,11,109,9,97,0,0,19,13,0,0,0,0,0,0,0,0,6,0,0,72,20,43,97,88,10,0,0,0,12,0,21,13,27,135,0,0,23,18,0,26,7,0,52,49,0,5,0,0,56,87,0,0,14,47,0,8,138,5,17,0,0,36,38
FeatureID152,0,0,0,0,0,0,0,0,0,0,0,0,0,0,0,0,0,0,0,0,0,0,0,0,0,0,0,0,0,0,0,0,0,0,0,0,0,0,0,0,0,0,0,0,0,0,0,0,0,0,0,0,13,0,0,0,0,0,0,0,0,0,0,10,0,0,0,0,0,0,0,0,0,0,0,0,0,0,0,0,0,0,0,0,0,0,0,0,0,0,0,0,0,0,0,0,0,0,0,0,0,0,0,0,0,0,0,0,0,0,0,0,0,0,0,0,0,0,0,462,466,566,379,241,450,105,84,410,0,115,5,0,41,54,28,48,0,0,62,85,117,153,123,178,247,194,216,382,173,270,0,29,43,21,15,16,0,7,29,43,22,19,13,207,12,39,30,30,31,20,49,5,0,17,162,43,64,30,84,26,12,33,21,61,17,74,17,32,18,7,8,10,42,8,31,26,5,39,89,151,13,30,7,11,21,9,7,24,5,14,13,16,29,11,9,88,12,24,31,21,0,12,53,66,17,18,96,8,9,17,13,13,41,53,0,33,29,13,15
FeatureID153,0,0,0,0,0,0,0,0,0,0,0,0,0,0,0,0,0,0,0,0,0,0,0,0,0,0,0,0,0,0,0,0,0,0,0,0,0,0,0,0,0,0,0,0,0,0,0,0,0,0,0,0,0,0,0,0,0,0,0,0,0,0,0,0,0,0,0,0,0,0,0,0,0,0,0,0,0,0,0,0,0,0,0,0,0,0,0,0,0,0,0,0,0,0,0,0,0,0,0,0,0,0,0,0,0,0,0,0,0,0,0,0,0,0,0,0,0,0,0,13,0,0,49,0,11,0,0,11,0,0,0,0,0,0,0,0,0,10,0,0,0,0,0,0,0,10,0,0,13,0,0,0,0,0,0,0,0,0,0,12,0,21,0,20,0,0,0,0,0,0,0,0,0,0,23,0,0,0,0,0,0,0,0,69,7,7,0,0,0,0,0,0,0,0,0,21,0,0,9,31,9,197,13,0,0,0,0,0,37,0,64,78,194,25,10,0,0,0,10,29,5,38,69,219,52,14,0,8,0,0,71,5,88,73,0,18,0,24,76
FeatureID154,6,0,0,0,0,0,9,38,33,0,13,0,6,0,0,0,0,0,0,0,0,0,0,0,6,6,32,16,0,17,18,0,0,7,10,0,6,0,0,0,0,0,0,0,0,11,11,9,0,0,10,0,9,29,36,5,29,5,0,0,0,0,0,12,7,28,4,0,6,0,0,0,0,0,9,0,28,0,0,0,0,0,6,5,0,0,0,5,4,0,12,29,10,7,12,18,6,5,8,0,10,6,6,4,10,0,8,7,0,5,0,0,0,10,5,11,0,4,0,24,42,21,41,21,75,149,85,130,0,0,7,11,0,0,0,0,21,22,0,22,13,0,0,16,8,23,14,6,18,22,0,12,7,6,11,12,0,0,0,0,14,0,0,9,0,8,0,5,0,0,0,0,0,32,9,9,18,12,7,0,0,0,0,8,0,0,0,0,0,0,0,0,0,0,0,0,5,16,11,0,0,0,0,0,0,6,0,0,0,26,0,0,0,0,0,7,9,0,8,0,0,0,0,10,8,0,7,12,0,0,0,0,0,41,0,0,20,27,0
FeatureID155,18,57,52,76,78,57,43,28,36,37,45,12,54,14,81,13,32,0,50,5,85,114,32,0,33,10,0,21,30,12,80,11,0,0,0,0,0,6,0,21,28,25,12,19,10,0,0,0,0,0,10,0,0,0,0,0,0,0,0,0,0,0,0,10,0,0,0,0,0,0,0,0,0,7,0,0,0,23,0,0,0,10,6,14,0,0,0,6,69,0,20,13,20,22,52,0,4,17,9,18,6,14,17,16,0,0,19,11,11,0,18,16,11,0,42,19,7,8,13,18,0,0,57,15,15,0,0,0,19,14,5,15,10,10,7,8,13,16,8,11,10,0,6,13,0,8,0,0,31,48,0,8,17,12,11,11,11,9,8,6,0,0,0,26,15,8,21,9,0,14,7,23,0,17,46,8,9,8,18,18,28,13,0,49,15,35,31,14,12,5,12,13,14,21,26,27,7,0,16,21,16,20,12,11,0,10,8,18,0,6,10,17,18,23,13,13,0,10,12,16,0,7,23,42,9,0,0,5,0,7,22,7,16,28,12,20,13,19,9
FeatureID156,318,242,67,795,1919,647,995,546,1912,553,390,62,389,852,1700,520,247,64,1227,22,688,1173,671,89,247,311,183,448,767,25,350,661,183,112,108,301,505,173,102,218,40,159,784,722,40,17,260,0,128,93,546,87,30,106,388,298,309,698,27,769,417,936,504,495,354,310,508,230,227,44,208,134,1020,349,162,713,1610,956,0,113,263,1118,266,62,109,136,0,156,144,596,217,453,7,0,0,58,645,36,776,587,0,425,967,73,9,78,0,87,107,268,976,76,836,482,380,189,171,123,211,0,0,0,38,101,12,12,123,141,41,33,42,33,19,36,75,0,0,68,49,18,0,0,0,0,0,26,0,13,0,0,52,0,33,0,0,0,0,0,0,34,65,33,0,0,48,53,0,0,0,0,83,33,0,113,0,22,0,53,0,0,0,28,10,0,12,38,0,0,0,53,0,25,0,19,34,99,19,8,37,34,0,0,0,0,33,0,83,0,0,16,36,0,103,0,0,0,0,14,106,0,0,0,76,306,0,65,0,158,14,0,0,0,0,0,66,0,0,0,0
FeatureID157,0,39,81,0,0,0,73,72,717,887,240,103,71,230,132,352,239,178,88,0,72,90,278,145,650,256,512,1066,13,26,1575,464,388,139,237,72,77,144,74,306,119,135,177,154,0,0,189,10,310,0,13,26,0,33,74,0,10,58,21,34,68,117,267,195,406,272,0,59,89,159,30,0,22,48,31,20,0,242,0,135,118,113,65,52,167,20,0,27,49,54,82,13,10,36,33,0,33,59,131,0,0,175,26,42,0,45,43,73,0,58,49,42,12,109,329,64,23,11,13,65,76,84,38,85,80,83,127,104,83,68,0,38,0,0,50,42,101,43,63,113,22,126,231,58,61,0,17,109,188,28,92,64,14,77,41,51,92,31,87,0,123,0,25,25,141,39,49,46,73,50,191,70,13,428,0,99,22,118,39,51,113,0,0,39,238,41,17,68,91,105,20,36,0,0,76,270,76,120,53,0,74,0,0,30,48,0,80,18,53,84,45,47,137,0,18,70,0,0,38,176,0,68,18,13,27,0,19,0,25,41,38,94,42,42,74,44,82,59,18
FeatureID158,0,0,0,0,0,0,0,0,0,63,0,0,0,0,0,17,13,0,15,0,15,0,280,26,116,24,0,0,0,0,202,0,1342,163,20,32,43,33,128,18,269,46,259,0,0,0,0,0,0,0,0,0,0,0,0,0,0,0,0,0,0,0,0,0,0,0,0,0,0,0,0,0,0,0,0,0,0,0,0,0,0,0,0,0,133,26,281,0,0,0,0,0,0,0,59,496,0,0,10,0,7,0,0,0,0,118,0,0,0,0,0,0,0,0,0,15,17,0,4,0,0,0,0,0,0,0,0,0,0,0,0,0,0,0,0,0,0,0,0,0,0,0,0,0,0,0,0,0,0,0,0,0,0,0,0,0,0,0,0,0,0,0,0,0,0,0,0,0,0,0,0,0,0,0,0,0,0,0,0,0,0,0,0,0,0,0,0,0,0,0,0,0,0,0,0,0,0,0,0,0,0,0,0,0,0,0,0,0,0,0,0,0,0,0,0,0,0,0,0,0,0,0,0,0,0,0,0,0,3,0,0,0,0,0,0,0,0,0,0
FeatureID159,0,0,0,0,0,0,0,0,0,68,12,0,0,0,0,0,0,0,0,0,0,0,0,16,27,8,33,13,0,0,0,21,40,17,44,0,11,0,0,0,0,0,0,0,0,0,0,0,0,0,11,0,0,0,0,0,0,0,0,0,24,0,0,0,0,0,0,0,0,0,0,0,0,0,0,0,0,0,0,0,0,0,0,0,0,0,0,0,0,0,0,0,0,0,0,0,0,0,0,0,0,0,0,0,0,0,0,0,0,0,0,0,0,0,0,0,0,0,0,16,47,59,7,63,121,0,13,40,29,31,53,42,22,24,24,32,20,77,0,27,10,76,319,135,48,11,0,47,115,21,53,59,39,20,24,29,29,38,60,51,165,88,64,0,49,18,12,46,34,0,38,29,0,28,12,50,0,31,0,0,37,20,71,0,54,34,0,61,71,31,0,0,0,102,12,60,33,113,44,19,33,0,0,34,22,0,96,38,0,85,41,16,15,0,26,24,14,0,0,11,14,0,0,0,19,32,0,46,30,40,12,0,26,11,234,410,58,71,16
FeatureID160,0,0,0,0,0,0,0,0,0,0,0,0,0,0,0,0,0,0,0,0,0,0,0,0,0,0,0,0,0,0,0,0,0,0,0,0,0,0,0,0,0,0,0,0,0,0,0,0,0,0,0,0,0,0,0,0,0,0,0,0,0,0,0,0,0,0,0,0,0,0,0,0,0,0,0,0,0,0,0,0,0,0,0,0,0,0,0,0,0,0,0,0,0,0,0,0,0,0,0,0,0,0,0,0,0,0,0,0,0,0,0,0,0,0,0,0,0,0,0,0,0,30,22,20,0,17,0,18,0,0,0,0,0,0,0,10,14,28,20,17,20,25,19,0,44,49,18,62,93,0,0,62,85,102,44,111,62,52,0,0,0,36,40,0,0,0,0,0,0,0,0,0,0,0,0,0,0,0,0,0,0,0,0,0,0,0,0,0,0,0,0,0,0,0,0,0,0,0,0,0,0,18,12,45,139,32,264,25,0,27,22,23,0,0,15,28,44,31,177,65,51,15,0,0,14,57,132,110,196,276,55,130,23,15,0,15,23,19,22
FeatureID161,567,397,337,740,56,357,120,194,11,219,80,29,41,768,768,276,374,0,145,22,467,464,0,0,0,0,64,6,0,0,0,0,0,0,0,0,27,54,0,0,0,0,0,0,6,0,0,31,17,99,0,248,223,375,133,8,0,0,0,0,0,4,168,609,130,233,0,0,0,0,0,0,0,960,0,43,169,127,0,258,447,0,0,0,0,0,0,0,0,0,0,0,0,0,0,0,0,12,0,0,0,0,0,0,0,0,0,0,0,84,0,0,0,0,25,0,0,0,0,0,0,143,695,18,219,131,194,203,100,141,16,37,57,45,45,18,223,113,102,96,52,0,231,481,379,581,21,72,95,428,55,126,105,159,217,100,150,87,151,182,300,207,0,0,0,470,249,85,296,170,327,265,117,51,221,105,712,167,384,515,365,258,6,222,275,0,0,563,0,162,301,102,300,212,642,387,69,192,124,307,150,95,196,8,10,0,21,0,176,114,285,78,0,127,0,75,30,165,0,214,47,178,170,260,257,23,130,36,43,76,518,96,567,0,151,92,222,170,212
FeatureID162,0,0,0,0,0,0,0,0,0,0,0,0,0,0,0,0,0,0,0,0,0,0,0,0,0,0,0,0,0,0,0,0,0,0,0,0,0,0,0,0,0,0,0,0,0,0,0,0,0,0,0,0,5,0,0,0,0,0,0,0,0,0,0,7,0,0,0,0,0,0,0,0,0,0,0,0,0,0,0,0,0,0,0,0,0,0,0,0,0,0,0,0,0,0,0,0,0,0,0,0,0,0,0,0,0,0,0,0,0,0,0,0,0,0,0,0,0,0,0,77,0,11,84,30,14,0,13,38,13,169,48,61,91,136,77,61,15,57,47,66,30,31,11,112,61,52,8,31,0,89,0,35,45,27,36,32,59,25,21,72,83,53,40,49,0,0,4,0,17,10,0,0,0,0,28,7,12,0,62,9,0,6,0,125,15,6,30,5,8,5,25,37,0,0,51,0,0,8,140,33,0,0,0,7,0,0,0,0,25,40,15,0,0,33,0,59,19,0,7,63,7,0,7,0,71,13,47,19,98,0,109,15,13,0,8,0,63,42,9
FeatureID163,0,0,0,0,0,0,0,0,0,31,0,0,0,0,0,0,0,0,228,0,32,0,0,0,0,0,0,0,0,0,0,0,0,0,0,0,0,0,0,0,0,0,0,0,0,0,0,0,0,0,0,0,0,0,0,0,0,0,0,0,0,0,0,0,0,0,0,0,0,0,0,0,0,0,0,0,0,0,0,0,0,0,0,0,0,0,0,0,0,0,0,0,0,0,0,0,0,0,0,0,0,0,0,0,0,0,0,0,0,0,0,0,0,0,0,0,0,0,0,42,125,0,0,0,0,92,123,0,0,0,0,0,0,0,0,0,0,0,0,0,105,0,0,0,0,0,0,0,0,0,47,0,292,0,0,0,72,149,274,140,195,109,90,29,51,0,50,264,68,569,0,0,0,0,0,0,0,0,0,112,0,0,0,90,107,0,0,0,195,0,0,303,0,0,0,0,0,0,0,113,0,0,0,0,0,0,0,335,34,133,0,74,7,0,6,0,0,0,33,112,0,0,0,0,0,0,0,0,0,0,99,0,0,0,82,0,0,183,0
FeatureID164,0,0,0,0,0,0,0,0,0,0,0,0,0,0,0,0,0,0,0,0,0,0,0,0,0,0,0,0,0,0,0,0,0,0,0,0,0,0,0,0,0,0,0,0,0,0,0,0,0,0,0,0,0,0,0,0,0,0,0,0,0,0,0,0,0,0,0,0,0,0,0,0,0,0,0,0,0,0,0,0,0,0,41,0,57,63,32,0,0,0,0,0,26,0,24,77,19,67,214,0,0,0,105,32,0,0,0,0,0,84,0,0,0,0,34,0,0,0,0,0,0,0,0,0,0,0,0,20,0,0,0,0,0,0,0,0,0,0,0,0,0,25,24,0,0,12,0,53,318,25,0,44,50,0,40,48,0,37,11,45,40,31,35,0,0,0,0,0,6,0,0,0,0,0,0,0,0,0,0,0,0,0,0,0,61,0,0,11,0,18,0,0,0,0,0,10,0,0,0,0,0,0,0,0,0,0,27,0,0,0,0,0,0,0,0,0,0,0,0,0,21,0,0,8,0,22,0,0,39,0,0,46,0,0,0,25,22,22,0
FeatureID165,0,17,15,8,0,0,18,106,288,0,193,13,13,21,64,64,24,72,0,0,0,0,299,88,323,161,470,398,369,59,124,47,28,0,13,10,31,20,6,46,58,50,229,401,0,0,41,0,0,4,0,13,0,0,0,27,0,0,0,0,0,15,94,17,222,6,0,26,13,0,0,0,0,54,8,16,83,51,0,60,43,103,280,50,50,16,16,0,0,158,55,136,0,0,26,43,41,46,25,0,0,0,143,7,13,12,0,0,12,14,66,7,77,337,34,0,18,19,21,10,0,0,40,0,0,0,0,0,0,0,0,8,21,0,0,0,0,0,0,0,7,20,13,5,0,0,0,0,14,0,0,12,0,0,0,0,0,6,0,36,59,0,0,0,0,0,0,0,0,0,47,0,0,310,0,0,0,0,0,0,0,0,12,0,0,0,0,0,0,0,0,0,0,0,0,0,0,0,0,0,19,0,0,40,0,0,13,0,0,0,236,10,0,0,26,0,0,0,0,0,0,0,0,0,0,0,0,0,0,0,11,39,0,0,33,0,14,26,12
FeatureID166,0,0,0,83,19,0,0,0,0,0,0,0,0,0,19,0,0,0,275,0,47,119,0,0,0,0,0,0,0,0,0,0,0,0,0,0,0,0,0,0,0,0,0,0,0,0,312,6,33,22,0,0,0,0,0,25,50,305,7,77,322,345,0,0,0,0,230,144,296,773,36,27,192,10,0,0,0,21,0,42,14,0,0,0,0,0,0,0,0,0,0,0,0,0,0,0,0,0,0,0,0,0,0,0,0,0,0,0,0,0,0,0,0,0,0,0,0,0,0,0,0,0,0,0,0,0,0,0,0,0,0,0,0,0,0,0,0,0,0,0,0,0,0,0,0,0,0,0,0,0,0,0,0,0,0,0,0,0,0,0,0,0,0,0,0,0,0,0,0,0,0,0,0,0,0,0,0,0,0,0,0,0,0,0,0,0,0,0,0,0,0,0,0,0,0,0,0,0,0,0,0,0,0,0,0,0,0,0,0,0,0,0,0,0,0,0,0,0,0,0,0,0,0,0,0,0,0,0,0,0,0,0,0,0,0,0,0,0,0
FeatureID167,24,191,70,22,66,20,371,1621,3849,0,126,108,101,39,191,179,100,0,27,0,38,215,0,0,0,0,0,0,0,105,0,0,0,0,0,0,0,0,0,0,0,0,0,0,0,0,0,0,0,0,97,0,0,0,0,0,0,0,0,0,0,0,0,0,0,0,0,0,0,0,0,0,0,0,0,0,0,0,0,0,0,409,2221,76,137,223,468,11,20,67,44,1536,96,19,16,145,198,460,142,24,15,77,1987,16,7,0,0,0,22,0,99,10,239,0,12,26,24,144,62,0,0,0,0,0,0,0,0,0,0,0,0,0,0,0,0,0,0,0,0,0,0,43,0,0,0,12,0,30,103,19,0,0,9,0,0,0,0,0,0,0,12,0,0,0,0,0,0,0,0,0,0,0,0,0,0,0,0,0,12,0,0,0,9,0,10,0,0,0,0,0,0,0,0,0,17,13,0,0,0,6,16,11,0,0,0,0,0,0,0,0,0,17,15,0,0,0,0,0,0,0,0,0,0,0,6,0,0,0,0,0,7,67,6,0,0,0,16,19,0
FeatureID168,0,0,0,0,0,0,0,0,0,0,0,0,0,0,0,0,0,0,0,0,0,0,0,0,0,0,37,227,29,0,652,0,277,0,0,0,9,26,0,0,0,0,0,0,0,0,0,0,0,0,0,0,0,0,0,0,0,0,0,0,0,0,0,0,0,0,0,0,0,0,0,0,0,0,0,0,0,0,0,0,0,0,0,0,0,0,0,0,0,0,0,0,0,0,0,0,0,0,0,0,0,0,0,0,0,0,0,0,0,0,0,0,0,245,0,0,0,0,0,0,0,0,0,0,0,0,0,0,0,0,0,0,0,0,9,0,0,0,0,0,0,0,0,0,0,0,0,0,0,0,24,54,52,22,0,0,15,24,27,27,0,0,0,0,0,0,0,0,0,0,0,0,0,14,0,0,0,0,0,0,0,0,0,132,0,0,0,0,0,0,0,0,0,0,0,0,88,156,0,0,254,0,0,0,0,0,0,0,0,9,0,0,0,0,0,0,0,0,0,0,0,0,0,17,0,0,0,0,0,18,0,0,0,0,11,0,13,0,0
FeatureID169,0,0,0,0,0,0,0,0,0,0,0,0,0,0,0,0,0,0,0,0,0,0,0,0,0,0,0,7,0,0,0,0,426,506,639,370,1336,418,79,0,0,0,0,0,0,0,0,0,0,0,19,0,0,0,0,0,0,0,0,0,0,0,0,0,0,0,0,0,0,0,0,0,0,0,0,0,0,0,0,0,0,620,341,232,95,152,246,36,0,9,0,122,58,38,121,1092,1059,73,10,0,0,17,355,41,86,33,61,63,220,0,0,0,387,0,0,0,0,0,0,40,0,5,39,977,0,0,0,0,0,0,22,0,0,33,0,8,0,29,52,79,11,0,0,0,114,0,0,0,60,0,0,0,0,0,0,0,0,0,0,0,0,0,0,0,0,0,0,93,0,7,104,25,0,0,0,0,0,0,0,162,14,43,0,0,8,37,0,0,0,109,71,0,0,5,20,33,0,8,25,63,0,46,0,0,54,20,0,21,269,82,0,23,0,0,0,9,115,6,0,35,49,0,10,24,0,0,26,433,0,10,0,104,6,32,0,41,39,173,8
FeatureID170,0,0,0,0,0,0,0,0,0,18,0,0,0,0,0,0,0,0,0,0,0,0,0,0,0,0,0,0,0,0,0,0,0,0,0,0,0,0,0,0,0,0,0,0,0,0,0,0,0,0,36,0,29,0,0,0,0,0,0,0,0,0,0,0,0,0,0,0,0,0,0,0,0,0,0,0,0,0,0,0,0,26,19,0,23,9,20,20,0,50,32,4,0,21,13,202,32,35,71,21,0,32,31,14,0,16,28,62,0,0,26,38,35,0,0,10,0,38,14,451,0,14,33,31,320,25,0,14,89,59,34,93,110,291,195,18,181,545,711,686,291,0,0,0,0,0,0,0,0,0,0,0,0,0,0,0,0,0,42,342,648,0,0,0,0,104,110,0,0,62,27,0,0,32,0,0,0,0,0,0,0,0,0,0,0,0,0,0,0,0,0,0,0,0,25,0,0,0,266,270,49,44,0,0,0,0,0,0,0,0,102,105,0,0,0,99,491,351,1188,408,173,151,0,152,242,0,0,0,23,0,578,522,315,160,21,207,302,135,220
FeatureID171,0,0,0,0,0,0,19,0,6,0,0,0,0,0,0,0,0,0,0,0,0,0,0,0,0,0,0,0,0,0,0,0,0,0,0,0,0,0,0,0,0,0,0,0,0,0,0,0,0,0,0,0,0,0,0,0,0,0,0,0,0,0,0,0,0,0,0,0,0,0,0,0,0,0,0,0,0,0,0,0,0,0,0,0,0,0,0,0,0,0,0,0,0,0,0,0,0,0,0,0,0,0,0,0,0,0,0,0,0,0,0,0,0,0,0,0,0,0,0,62,235,0,0,0,20,16,0,0,0,0,0,0,0,0,0,18,0,0,0,0,71,122,21,0,16,320,74,42,125,0,0,0,92,176,76,63,418,372,0,0,0,0,0,0,0,0,0,0,0,0,0,0,0,0,0,0,0,178,352,1116,0,0,0,64,0,0,0,0,0,0,0,0,0,0,0,0,0,0,0,0,0,0,0,0,0,12,49,175,117,217,0,0,0,0,0,0,0,8,55,263,138,0,5,0,0,25,0,0,0,38,0,0,0,30,0,49,0,55,45
FeatureID172,0,0,0,0,0,0,0,0,0,0,0,0,0,0,0,0,0,0,0,0,0,0,0,0,0,0,0,0,0,0,0,0,0,0,0,0,0,0,0,0,0,0,0,0,0,0,0,0,0,0,0,0,0,0,0,0,0,0,0,0,0,0,0,0,0,0,0,0,0,0,0,0,0,0,0,0,0,0,0,0,0,0,0,0,0,0,0,0,0,0,0,0,0,0,0,0,0,0,0,0,0,0,0,0,0,0,0,0,0,0,0,0,0,0,0,0,0,0,0,0,0,0,0,0,0,0,0,0,0,0,0,0,0,0,0,0,0,0,0,0,0,0,0,0,0,0,0,0,0,0,0,0,0,0,0,0,0,0,0,0,0,0,0,251,458,90,222,0,0,0,0,0,0,0,116,0,0,0,0,0,35,0,0,0,784,444,100,54,390,289,948,207,0,0,0,0,0,0,0,0,0,0,0,0,0,0,0,0,0,0,0,0,0,0,0,0,0,0,0,0,0,0,0,0,0,0,0,0,0,0,0,0,0,0,0,0,0,0,0
FeatureID173,0,0,0,0,0,0,0,0,0,0,0,0,0,0,0,0,0,0,0,0,0,0,0,0,0,0,0,0,0,0,0,0,0,0,0,0,0,0,0,0,0,0,0,0,0,0,0,0,0,0,0,0,0,0,0,0,0,0,0,0,0,0,0,0,0,0,0,0,0,0,0,0,0,0,0,0,0,0,0,0,0,0,0,0,0,0,0,0,0,0,0,0,0,0,0,0,0,0,0,0,0,0,0,0,0,0,0,0,0,0,0,0,0,0,0,0,0,0,0,0,0,0,0,0,0,0,0,0,0,0,0,0,0,0,0,42,0,0,0,0,0,0,0,0,0,0,0,0,0,0,17,0,57,31,0,118,77,0,77,92,0,32,0,0,0,0,0,80,135,0,0,9,0,0,0,0,0,0,0,0,0,68,48,25,0,0,0,0,0,0,0,0,0,18,0,9,26,39,0,0,36,141,102,342,365,252,229,211,36,314,0,0,147,264,220,375,0,0,0,95,39,0,174,0,160,61,328,449,398,349,0,0,0,0,0,0,0,130,0
FeatureID174,0,0,0,0,0,0,0,0,0,0,0,0,0,9,7,26,27,0,0,0,0,0,23,13,28,0,0,0,7,0,32,0,0,0,0,0,0,27,0,0,0,7,0,0,0,0,0,0,0,0,0,0,0,0,0,6,0,6,0,0,15,49,0,0,0,16,0,0,0,0,0,6,9,0,0,0,0,0,0,0,0,0,0,0,0,0,0,0,0,0,0,0,0,0,0,0,0,0,0,0,0,0,0,0,0,0,0,0,0,14,0,0,0,0,0,0,0,0,0,0,0,0,0,0,0,0,0,0,0,0,0,0,0,0,0,0,0,0,0,0,0,146,289,186,636,0,75,787,42,241,0,139,201,34,111,91,15,0,201,70,84,195,208,0,0,0,0,0,0,0,0,0,0,0,0,0,0,0,0,0,0,0,0,0,0,0,0,0,0,0,0,0,0,0,0,0,0,0,0,0,0,0,0,0,0,0,0,0,0,0,0,0,0,0,0,0,0,0,0,0,0,0,0,0,0,0,0,0,0,0,0,0,0,0,0,0,0,0,0
FeatureID175,0,0,0,0,0,0,0,0,0,36,0,0,0,0,0,0,0,0,0,0,0,0,0,0,0,0,0,0,0,0,0,6,0,0,0,0,0,0,0,0,0,0,0,0,0,0,0,0,0,0,0,0,0,0,0,0,0,0,0,0,0,0,0,0,0,0,0,0,0,0,0,0,0,0,0,0,0,0,0,0,0,0,0,0,0,0,0,0,0,0,0,0,0,0,0,0,0,0,0,0,0,0,0,0,0,0,0,0,0,0,0,0,0,0,0,0,0,0,0,0,0,95,0,0,0,0,41,64,0,24,0,0,0,0,0,0,51,83,30,49,43,0,0,0,0,0,0,0,0,0,27,0,0,0,0,0,107,45,27,45,23,55,46,28,27,0,14,10,29,0,23,102,0,41,35,70,12,40,50,142,0,94,14,0,37,18,29,16,0,0,0,0,47,127,9,50,13,130,33,37,81,0,0,26,0,0,0,81,0,0,0,0,0,0,13,13,16,0,0,0,0,0,0,27,0,0,0,0,0,0,0,0,0,0,18,0,31,122,0
FeatureID176,0,0,0,0,5,0,0,0,0,0,0,0,0,0,8,0,0,0,0,0,0,4,7,11,0,16,0,0,0,0,0,0,0,4,0,0,0,0,0,7,0,0,11,9,0,0,0,0,0,0,0,0,0,0,0,0,0,0,0,0,0,0,6,0,10,0,0,7,0,0,0,0,0,0,0,0,0,0,0,0,0,11,5,0,0,0,0,0,0,0,0,0,0,0,0,0,0,0,0,0,0,0,0,0,0,0,0,0,0,8,0,0,0,0,0,0,0,0,0,8,5,0,0,26,0,0,0,0,0,0,0,0,0,0,0,0,0,9,16,0,0,24,0,0,12,34,12,0,46,0,0,16,20,8,9,51,14,0,6,8,0,12,0,0,0,0,0,0,0,0,0,0,0,0,0,34,0,20,19,6,0,0,5,0,0,9,0,0,10,5,3,0,0,8,8,0,0,0,0,6,8,7,0,18,8,0,63,0,10,17,30,23,17,7,8,21,6,0,5,17,16,12,6,0,0,44,9,16,28,11,6,9,21,0,0,0,12,10,9
FeatureID177,9,18,12,5,11,16,33,0,30,33,20,9,21,15,31,17,13,0,13,0,14,23,25,52,97,101,27,46,3,15,84,29,16,18,26,21,26,18,12,10,0,0,16,17,0,0,0,0,0,0,23,0,0,0,0,0,0,0,0,0,0,0,0,0,0,0,0,0,0,0,0,0,0,0,0,0,0,0,0,0,0,7,0,0,0,0,0,0,0,0,34,0,19,10,9,7,0,16,35,10,0,12,7,27,12,22,34,23,14,0,17,0,13,19,24,6,0,7,9,16,18,9,16,14,19,20,23,26,21,16,0,13,0,9,7,0,0,15,8,10,11,0,2,0,0,0,0,0,8,0,20,0,0,9,0,9,16,7,10,0,0,0,0,0,0,0,0,0,0,0,0,0,0,17,0,17,0,10,0,0,0,0,0,0,40,0,0,0,0,0,0,0,0,0,0,14,11,0,0,0,0,0,0,6,14,0,0,0,0,16,0,0,0,0,0,10,0,0,0,15,0,0,12,10,0,0,0,0,0,0,0,0,6,11,5,7,0,10,0
FeatureID178,0,0,0,0,0,0,0,0,0,0,0,0,0,0,0,0,0,0,0,0,0,0,0,0,0,0,0,0,0,0,0,0,0,0,0,0,0,0,0,0,0,0,0,0,0,0,0,0,0,0,0,0,0,0,0,0,0,0,0,0,0,0,0,0,0,0,0,0,0,0,0,0,0,0,0,0,0,0,0,0,0,0,0,0,0,0,0,0,0,0,0,0,0,0,0,0,0,0,0,0,0,0,0,0,0,0,0,0,0,0,0,0,0,0,0,0,0,0,0,0,0,0,43,0,0,17,0,0,20,0,0,30,0,27,19,21,0,22,0,0,26,23,44,19,121,49,0,38,0,0,0,0,26,23,0,0,21,18,0,16,26,24,18,81,52,17,151,59,130,70,43,39,43,53,0,19,0,0,0,16,0,32,0,44,62,26,0,0,72,30,66,24,0,16,0,0,0,18,37,0,0,33,0,20,40,46,0,0,0,45,41,18,110,39,0,34,322,46,0,0,0,41,104,180,60,58,111,447,326,56,80,0,183,32,0,0,22,39,18
FeatureID179,103,177,90,99,99,74,359,185,208,181,143,65,70,111,136,92,70,47,87,0,110,148,289,449,516,292,190,330,146,224,581,187,166,91,160,111,186,126,110,78,51,87,82,118,42,17,55,24,56,25,158,43,19,43,44,126,35,70,40,29,112,36,72,115,186,294,61,64,78,40,40,31,62,39,53,90,103,291,0,27,80,79,78,70,161,76,129,96,54,52,359,93,89,87,159,258,77,170,246,75,11,216,194,179,115,161,235,288,186,68,129,73,108,176,441,121,69,101,90,48,99,70,179,142,135,168,125,134,221,82,67,87,51,102,73,72,74,166,111,93,39,111,134,115,155,128,57,118,102,34,77,29,53,38,55,31,65,38,39,29,11,24,33,183,150,91,165,100,111,62,77,42,18,228,192,184,49,94,36,106,123,96,42,203,552,132,89,224,123,55,105,41,80,91,333,195,67,50,80,46,86,114,43,78,154,48,137,80,36,95,130,188,159,160,139,146,85,66,85,78,46,94,183,259,121,78,152,69,127,77,73,37,248,134,61,35,21,34,52
FeatureID180,83,103,35,86,147,78,206,86,8,140,140,55,95,291,194,122,80,39,108,6,126,156,142,433,176,73,275,334,155,73,185,106,341,146,244,202,211,199,64,191,68,108,161,319,21,0,208,12,142,28,505,44,31,21,80,220,79,210,16,186,412,269,115,155,225,258,199,80,144,23,110,0,221,45,45,61,172,72,0,34,70,175,188,56,33,92,16,75,56,164,132,131,59,67,217,162,177,80,448,59,0,68,276,75,14,180,223,320,85,188,166,86,244,243,131,64,32,88,64,40,20,12,24,55,38,7,19,39,7,10,15,18,12,22,16,0,0,37,32,36,20,44,28,17,55,29,11,39,70,0,0,37,35,23,19,34,33,20,13,23,46,45,23,0,16,10,16,21,18,10,31,25,0,192,0,17,0,21,0,31,27,32,0,0,49,16,0,8,25,33,0,0,13,42,0,7,12,18,18,46,36,20,13,48,42,0,102,36,35,37,34,36,0,20,38,61,28,24,68,47,18,0,36,39,38,80,53,72,35,50,19,35,33,26,11,31,34,35,18
FeatureID181,865,382,687,153,0,163,47,545,233,0,148,240,261,142,274,0,132,0,868,0,461,680,0,0,0,0,0,0,0,0,0,0,0,0,0,0,0,0,0,0,0,0,0,0,0,0,0,0,0,0,0,0,299,74,0,0,0,0,0,0,0,0,0,0,0,0,0,0,0,0,0,0,0,0,276,0,0,0,0,0,0,0,0,0,0,0,0,0,0,0,0,0,0,0,0,0,0,0,0,0,0,0,0,0,0,0,0,0,0,0,0,0,0,0,0,0,0,0,0,0,0,0,0,0,0,0,0,0,0,0,0,0,0,0,0,0,0,0,0,0,0,0,0,0,0,0,0,0,0,0,0,0,0,0,0,0,0,0,0,0,0,0,0,0,0,0,0,0,0,0,0,0,0,0,0,0,0,0,0,0,0,0,0,0,0,0,0,0,0,0,0,0,0,0,0,0,0,0,0,0,0,0,0,0,0,0,0,0,0,0,0,0,0,0,0,0,0,0,0,0,0,0,0,0,0,0,0,0,0,0,0,0,0,0,0,0,0,0,0
FeatureID182,10,48,39,63,66,31,30,20,0,28,15,0,0,7,44,18,47,15,43,0,31,67,17,0,9,14,0,0,0,15,36,18,0,0,0,0,0,0,0,16,0,0,0,14,8,20,46,9,0,9,0,19,18,15,15,0,0,0,0,0,15,0,13,11,0,63,10,23,12,6,21,36,8,36,42,16,41,74,0,18,24,9,0,0,0,0,0,0,65,0,0,0,0,0,0,0,0,0,0,15,0,0,0,0,0,0,0,0,0,0,6,0,0,0,20,0,15,0,0,0,0,0,0,0,0,0,0,0,11,9,0,0,10,15,15,16,13,14,12,0,0,18,0,27,28,9,0,14,0,8,0,0,18,9,0,0,11,0,0,0,35,39,28,39,16,14,18,0,8,15,14,23,9,20,37,0,31,0,17,20,26,15,0,0,36,33,45,55,38,19,53,34,42,21,29,20,0,48,23,0,7,32,29,0,0,19,0,0,18,16,0,63,16,78,23,17,20,24,18,25,0,26,19,46,48,11,18,16,0,0,22,0,37,0,16,15,15,18,11
FeatureID183,0,0,0,0,4,10,82,19,2,0,0,23,7,10,63,63,27,0,7,0,0,24,64,100,63,187,229,191,38,32,246,90,66,5,61,38,58,32,137,0,0,0,17,34,37,14,0,3,18,30,55,0,0,7,0,33,30,20,32,48,20,82,0,24,62,5,60,21,35,0,0,10,14,0,0,0,34,0,0,0,3,5,17,17,0,0,0,9,0,0,226,10,0,17,0,3,23,0,8,0,0,0,7,84,8,0,26,0,124,147,9,7,6,52,0,0,12,0,22,41,74,7,306,70,17,86,12,4,22,28,10,63,33,45,40,42,17,70,69,35,48,27,51,17,20,18,4,35,46,0,20,0,0,0,0,0,0,0,45,34,52,49,19,18,28,6,26,5,12,0,29,0,6,153,14,22,0,0,4,8,15,25,42,35,74,13,28,0,15,0,0,16,17,6,59,66,41,40,73,25,41,11,21,0,20,0,0,0,21,6,61,58,5,38,0,47,0,0,80,14,0,7,6,21,14,10,18,42,36,0,16,5,50,5,5,75,12,17,26
FeatureID184,0,7,0,5,8,6,6,11,5,5,0,0,0,0,0,0,7,5,0,0,4,9,15,9,16,9,0,0,4,8,22,14,0,0,7,0,0,0,4,6,0,0,7,6,5,3,4,0,0,3,0,0,0,0,0,0,0,0,0,0,4,0,0,6,0,15,0,0,0,0,0,0,0,0,0,0,6,8,0,0,4,5,0,5,6,5,0,0,11,5,5,0,9,10,19,0,0,0,0,0,0,11,8,0,0,6,4,0,0,9,8,0,0,5,42,9,0,6,7,0,0,0,33,15,21,0,5,15,21,13,8,16,23,20,12,8,12,9,9,6,0,27,29,22,56,55,12,0,0,0,11,0,11,3,4,4,0,10,10,6,37,14,5,44,27,7,16,13,10,5,16,13,13,47,30,0,16,0,6,14,18,9,0,60,61,30,20,45,13,7,23,17,15,22,41,50,13,12,13,11,18,27,11,11,8,7,13,17,4,11,28,32,19,23,6,6,15,16,4,9,3,17,32,57,19,3,13,17,21,8,11,9,37,27,22,9,7,16,14
FeatureID185,0,0,0,0,0,0,0,0,82,70,0,0,0,0,0,0,0,0,0,0,0,0,0,0,43,0,101,175,0,0,0,22,161,66,93,40,50,34,0,49,0,0,0,0,0,0,0,0,36,0,0,0,0,0,0,32,0,43,0,42,0,0,0,0,0,0,0,0,0,0,0,0,0,0,0,0,0,16,0,0,0,0,0,0,0,0,0,0,0,0,0,0,0,0,0,0,0,0,0,0,0,0,0,0,0,0,0,0,0,0,0,0,0,0,0,0,0,0,0,29,22,12,17,25,29,0,17,24,0,13,12,5,0,9,11,12,4,24,20,22,11,20,26,8,48,16,0,42,17,8,0,16,29,21,19,18,23,20,8,9,20,14,10,15,34,11,18,8,16,8,12,12,0,63,0,68,10,31,6,13,45,13,34,7,45,18,9,24,24,35,10,0,0,27,12,22,0,15,10,27,32,7,6,18,0,0,0,0,0,23,20,12,25,10,19,0,0,0,0,27,0,14,0,0,0,0,0,0,0,0,11,0,34,14,0,26,13,0,16
FeatureID186,53,40,46,61,151,89,185,129,379,0,243,35,87,290,139,89,56,37,158,4,113,168,79,240,85,63,138,178,204,23,229,0,180,91,169,77,122,101,51,52,61,72,126,213,29,0,65,12,119,29,521,30,29,46,146,100,14,0,0,166,257,199,142,82,183,141,209,68,53,137,102,14,199,191,66,161,207,0,0,40,103,269,181,66,103,13,36,74,71,207,29,166,28,47,135,823,119,89,472,220,6,319,298,35,16,203,218,630,30,167,202,131,131,319,31,50,18,43,95,0,0,0,0,0,0,0,0,0,0,0,0,0,0,0,0,0,0,0,0,0,0,0,0,0,0,0,0,0,0,0,0,0,0,0,0,0,0,0,0,0,0,0,0,0,0,0,0,0,0,0,0,0,0,72,0,0,0,0,0,0,0,0,0,0,0,0,0,0,0,0,0,0,0,0,0,0,0,0,0,0,0,0,0,0,13,7,28,16,8,0,0,0,0,0,0,18,32,22,54,0,0,0,14,33,10,25,29,50,28,56,0,0,0,0,0,0,0,15,0
FeatureID187,8,22,0,7,0,0,45,9,41,0,29,0,4,16,0,5,0,0,0,0,0,0,0,57,76,43,26,51,0,11,124,0,26,20,21,4,27,3,4,8,4,13,4,13,0,6,9,0,12,0,71,0,6,0,6,5,9,14,0,0,8,15,0,0,0,0,0,0,0,0,0,0,0,0,0,0,0,0,0,0,0,0,8,0,20,9,27,6,0,0,31,4,23,19,31,62,23,13,5,0,0,43,10,13,9,0,32,77,21,10,0,6,0,11,0,7,0,0,4,53,64,8,14,13,0,0,18,0,0,0,0,13,22,9,0,0,0,8,0,0,0,7,0,14,11,0,0,0,33,19,0,16,39,44,0,0,9,0,31,14,23,14,0,0,0,0,0,0,0,0,0,0,0,0,0,0,0,0,0,0,0,0,0,33,111,0,0,0,0,0,0,0,0,0,0,27,0,0,0,0,0,0,0,0,0,11,0,38,0,0,0,0,0,0,0,0,0,39,0,0,0,0,0,0,0,0,0,0,11,0,0,0,0,0,0,0,25,0,0
FeatureID188,0,0,0,0,0,0,0,0,0,0,0,0,0,0,0,0,0,0,0,0,0,0,12,8,64,16,35,93,23,0,0,0,18,10,22,13,19,21,0,0,0,0,5,26,0,0,19,0,0,0,26,0,0,0,0,7,0,7,0,4,4,0,0,9,26,0,6,0,0,0,0,0,0,0,0,0,5,0,0,0,0,4,16,6,5,0,18,0,0,27,35,5,4,7,7,20,0,15,0,0,0,0,30,0,22,20,34,6,12,0,0,4,0,23,9,0,0,12,0,19,0,0,11,0,0,0,0,0,0,0,0,0,0,0,0,0,0,0,0,0,0,0,0,0,0,0,0,0,27,0,0,5,24,9,7,5,10,7,0,20,8,0,0,0,0,0,0,0,0,0,0,0,0,25,0,0,0,0,0,0,0,24,12,0,6,0,0,0,0,0,0,12,0,0,0,0,0,0,0,0,0,0,0,0,0,0,0,0,0,0,68,0,0,0,0,0,0,0,0,0,0,0,12,0,0,0,0,0,0,0,0,0,0,0,0,0,0,6,0
FeatureID189,0,0,0,0,0,0,0,0,0,0,0,0,0,0,0,0,0,0,0,0,0,0,0,0,0,0,0,0,0,0,0,0,0,0,0,0,0,0,0,0,0,0,0,0,0,0,0,0,0,0,0,0,0,0,0,0,0,0,0,0,0,0,0,5,0,0,0,0,0,0,0,0,0,0,0,0,0,0,0,0,0,0,0,0,0,0,0,0,0,0,0,0,0,0,0,0,0,0,0,0,0,0,0,0,0,0,0,0,0,0,0,0,0,0,0,0,0,0,0,7,0,20,133,0,0,0,0,0,41,11,0,16,17,262,101,129,101,115,118,109,78,0,0,0,0,0,0,0,0,0,0,0,0,0,0,0,0,0,0,0,0,0,0,0,0,0,0,0,0,0,0,0,0,0,0,0,0,0,0,0,0,0,0,0,0,0,0,0,0,0,0,0,0,0,0,0,0,0,0,0,0,0,0,0,0,0,0,0,0,0,0,0,0,0,0,0,0,0,61,0,0,0,0,0,0,0,0,0,0,0,0,0,0,0,0,0,0,0,0
FeatureID190,0,0,0,0,0,0,0,0,0,0,0,0,0,0,0,0,0,0,0,0,0,0,0,22,0,15,61,66,0,14,0,0,0,0,0,0,0,0,0,0,0,0,0,12,0,0,0,0,0,0,0,0,0,0,0,0,0,0,0,0,0,0,0,0,0,0,0,0,0,0,0,0,0,0,0,0,0,0,0,0,0,0,11,0,0,0,0,0,0,0,10,0,0,18,31,51,10,0,0,0,0,0,0,13,21,11,28,0,0,0,0,0,0,0,0,0,0,0,0,0,0,9,0,0,56,0,44,67,0,0,14,80,48,50,19,8,0,0,0,0,0,0,0,0,0,0,0,0,0,0,0,0,0,12,15,43,43,25,0,0,0,0,0,29,41,30,84,12,117,20,0,0,0,37,15,0,0,0,0,39,48,0,0,0,0,19,38,63,15,19,49,22,0,0,0,0,0,0,0,0,0,16,0,0,0,36,0,0,149,166,28,0,11,5,0,10,20,0,11,6,0,0,69,46,6,45,47,23,20,0,56,61,0,10,0,0,8,4,10
FeatureID191,0,0,0,319,39,104,0,7,0,190,0,0,129,0,0,0,0,89,236,8,330,96,0,0,0,0,0,0,8,0,0,76,0,0,0,0,0,0,0,346,171,10,0,0,135,0,0,0,0,0,0,96,0,10,0,0,0,0,0,0,0,0,0,6,13,19,0,41,0,0,0,0,0,25,81,34,65,88,0,131,109,0,0,0,0,0,0,0,0,0,0,0,0,0,0,0,0,0,0,0,0,0,0,0,0,0,0,0,0,0,0,0,0,0,0,0,0,0,0,0,32,7,109,0,0,22,20,85,0,131,25,0,0,0,0,0,22,106,62,63,148,155,257,766,62,0,0,149,15,125,0,140,289,53,85,87,230,43,347,215,28,72,123,158,84,25,28,0,97,15,27,0,0,20,68,20,213,118,141,41,0,241,11,165,0,12,61,0,7,13,18,59,237,0,40,247,10,99,334,306,67,0,9,0,0,0,0,0,18,29,7,0,0,0,0,0,0,0,0,0,0,0,0,0,0,0,0,0,0,0,8,0,0,0,0,10,16,0,0
FeatureID192,0,0,0,0,0,0,0,0,0,23,0,0,0,0,0,0,0,0,0,0,0,0,0,0,0,0,76,195,23,0,0,184,19,22,24,32,24,120,113,0,0,0,0,0,0,0,0,0,0,0,0,0,14,0,0,0,0,0,0,0,0,0,0,24,0,0,0,0,0,0,0,0,0,0,0,0,0,54,0,0,0,0,0,0,0,0,0,0,0,0,0,0,0,0,0,0,0,0,0,0,0,0,0,0,0,0,0,0,0,0,0,0,0,0,0,0,0,0,0,195,65,123,798,251,306,300,237,120,386,153,62,133,47,139,84,0,173,334,197,208,48,8,13,0,0,0,0,0,0,0,29,0,0,0,0,0,0,0,0,18,12,17,0,13,34,74,23,41,124,144,89,0,31,217,37,15,26,0,0,0,0,0,0,23,0,0,89,198,15,11,47,104,157,0,137,232,185,104,16,62,10,0,24,190,17,0,6,0,29,50,319,398,413,26,43,77,357,272,70,118,107,191,185,519,6,95,99,7,19,0,305,0,294,462,105,0,50,78,64
FeatureID193,31,28,13,154,133,38,98,7,124,18,19,22,7,38,80,69,45,13,11,0,10,37,131,164,74,324,85,98,149,94,104,0,24,9,19,49,30,55,59,0,0,7,45,32,6,0,0,0,0,0,0,0,11,0,0,7,46,8,5,13,35,13,11,221,83,102,5,20,20,0,13,18,5,0,60,167,30,145,0,0,12,7,0,0,0,0,0,0,41,0,148,14,0,0,0,0,0,0,0,9,0,11,7,96,18,0,0,8,0,0,39,25,11,77,3,0,16,11,14,90,569,272,196,278,553,383,402,467,373,223,51,118,140,201,108,155,296,432,195,136,196,196,331,187,112,433,89,308,392,228,463,434,358,61,105,64,109,206,107,320,149,199,138,102,135,37,163,106,55,29,76,58,12,165,151,190,110,65,70,66,40,95,36,114,189,122,174,118,163,71,40,57,37,62,174,235,279,82,54,72,51,75,34,16,67,111,75,70,23,28,76,163,51,55,22,106,154,128,28,31,10,87,107,78,72,30,87,134,90,25,42,28,157,88,113,64,100,202,45
FeatureID194,0,0,0,0,0,0,0,0,0,0,0,0,0,0,0,0,0,0,0,0,0,0,0,0,0,0,0,0,0,0,0,0,0,0,0,15,11,31,0,0,0,0,0,0,0,0,0,0,4,7,0,0,0,0,0,0,0,0,0,0,0,0,0,0,0,0,0,0,0,0,0,0,0,0,0,0,0,0,0,0,0,0,0,0,0,0,0,0,0,0,0,0,0,0,0,0,0,0,0,0,0,0,0,0,0,0,0,0,0,14,0,0,0,0,0,0,0,0,0,28,82,175,0,19,23,145,110,141,0,62,0,12,0,23,10,15,26,36,18,29,135,72,112,15,79,61,52,86,234,20,8,143,131,120,181,224,122,140,158,81,233,101,54,6,40,23,0,24,15,8,67,67,0,0,0,48,15,214,34,21,16,7,212,8,24,0,0,0,58,53,0,0,16,23,0,26,7,42,13,23,127,25,0,9,39,0,123,0,35,22,29,12,44,13,10,0,12,8,225,24,12,0,32,61,29,22,19,53,54,64,0,0,8,0,0,153,71,18,0
FeatureID195,0,0,0,0,0,0,31,99,166,13,20,10,0,18,41,29,10,0,0,0,7,27,63,11,19,14,77,62,12,18,56,6,36,10,31,26,49,22,0,11,6,8,25,25,0,0,48,0,10,0,27,0,8,0,27,51,8,30,0,13,47,50,11,21,39,21,30,18,16,60,12,0,36,0,6,19,58,6,0,6,0,19,18,0,24,0,0,15,0,16,59,20,0,0,11,135,180,17,39,0,0,12,66,0,0,14,14,7,0,35,8,0,31,28,11,0,0,0,16,49,101,61,19,14,7,90,60,68,0,39,7,12,0,0,7,0,28,28,30,35,28,14,25,0,0,14,0,0,53,0,0,0,13,12,0,22,17,0,16,8,0,11,0,0,23,8,0,12,0,4,16,7,0,61,16,10,0,0,0,0,0,0,15,9,0,12,0,0,12,24,3,0,18,0,36,25,0,11,20,26,16,0,0,15,7,0,60,0,0,0,16,11,13,5,0,0,0,0,10,0,0,0,0,10,0,11,0,7,13,48,0,0,18,0,15,0,15,0,0
FeatureID196,0,0,0,0,0,0,0,0,48,0,22,0,0,0,0,0,0,0,0,0,0,0,0,27,9,14,48,50,0,0,20,22,30,10,25,0,0,0,0,0,0,0,0,0,0,0,0,0,0,0,0,0,0,0,0,0,0,11,0,0,0,0,0,0,0,0,25,0,13,0,0,0,0,0,0,0,25,0,0,0,0,0,0,0,0,0,0,0,0,0,0,0,0,0,0,21,0,0,0,0,0,0,0,0,0,0,0,0,0,19,0,0,0,0,0,0,0,0,0,0,28,27,15,23,0,0,28,76,20,20,23,0,0,23,45,23,40,26,29,21,0,232,193,59,0,68,37,51,311,44,74,202,321,378,178,126,122,25,65,0,44,130,56,0,15,0,0,21,0,0,0,0,0,25,0,0,0,51,50,25,0,0,42,0,0,0,0,0,0,23,0,0,0,0,0,0,26,0,0,0,31,0,0,18,0,0,71,0,14,21,0,0,60,0,0,0,0,13,26,48,22,0,0,0,0,26,0,64,25,41,0,0,0,0,0,52,62,0,0
FeatureID197,0,0,0,0,0,0,33,37,93,60,48,25,24,21,15,20,0,0,0,0,0,14,0,36,15,0,43,36,0,0,31,33,26,23,32,0,0,0,0,0,0,0,0,26,0,0,60,11,37,13,0,0,0,0,37,31,15,84,0,33,67,41,0,12,28,36,20,8,69,28,0,0,28,0,0,0,21,0,0,0,0,0,0,0,0,0,0,0,0,0,0,0,9,18,31,51,13,0,17,0,0,0,15,0,0,13,0,0,0,46,0,0,0,23,0,0,0,0,0,0,0,0,0,0,0,0,12,0,0,0,0,0,0,0,0,0,0,0,0,0,0,0,0,0,0,0,0,0,0,0,0,0,0,0,0,0,0,0,0,0,0,0,0,0,0,0,0,0,0,0,25,0,0,34,0,0,0,0,0,0,0,0,0,0,0,229,0,0,0,0,0,0,0,0,0,395,309,464,35,33,0,0,0,0,0,0,0,0,0,0,0,0,0,0,0,0,0,0,0,0,0,0,0,0,0,0,0,0,0,0,0,0,0,0,93,126,14,0,0
FeatureID198,0,0,0,0,0,0,0,0,0,0,0,0,0,0,0,0,0,0,0,0,0,0,0,0,0,0,0,0,0,0,0,0,0,0,0,0,0,0,0,0,0,0,0,0,0,0,0,0,0,0,0,0,0,0,0,0,0,44,0,0,6,9,0,0,0,0,0,0,0,0,0,0,6,0,0,0,0,0,0,0,0,0,0,0,0,0,0,0,0,0,0,0,0,0,0,0,0,0,0,0,0,0,0,0,0,0,0,0,0,0,0,0,0,0,0,0,0,0,0,29,0,0,13,66,62,0,0,0,0,11,30,17,7,11,11,16,0,0,79,20,0,5,9,0,0,0,0,0,34,5,0,25,63,10,6,12,14,7,11,27,43,20,0,17,94,22,7,11,9,0,8,5,0,15,6,151,0,24,5,0,9,160,45,0,50,33,30,86,52,29,0,8,6,99,8,104,0,45,33,109,45,33,0,30,78,0,581,18,37,34,71,29,0,0,19,17,12,26,9,11,4,19,0,5,0,0,12,106,282,407,0,11,53,17,5,183,40,21,7
FeatureID199,0,0,0,0,8,25,12,89,23,0,13,6,15,12,14,0,8,0,0,0,0,0,37,35,55,11,43,27,18,9,57,33,0,14,0,24,61,49,37,12,0,12,14,28,0,0,0,0,0,0,13,0,0,0,0,35,0,0,0,16,0,0,0,0,0,14,0,0,0,7,0,0,0,0,0,0,0,0,0,0,0,13,11,0,0,0,0,0,0,13,31,0,0,0,0,26,39,0,18,0,0,0,0,18,0,19,20,0,14,0,0,0,6,22,7,24,0,14,0,0,0,18,13,38,26,0,0,0,64,0,10,15,10,0,0,0,12,35,29,40,0,0,0,0,0,0,0,0,0,0,0,0,0,0,0,0,0,0,0,0,0,0,0,53,296,109,0,0,0,63,15,90,15,58,0,0,0,0,0,0,0,126,5,0,174,10,143,0,0,59,5,91,24,13,80,0,40,120,60,28,71,18,21,0,0,0,260,0,0,0,0,63,0,0,17,0,95,0,0,0,0,81,0,0,0,0,0,19,275,17,0,0,0,180,0,0,0,0,0
FeatureID200,0,0,0,100,23,0,0,0,51,327,494,0,0,0,68,0,23,222,36,0,45,64,0,0,0,0,0,30,17,0,0,201,0,0,0,0,0,0,20,22,0,18,0,0,0,42,0,0,0,0,0,0,0,0,0,0,17,52,0,0,0,0,0,0,0,0,0,0,0,0,0,0,0,0,0,0,0,753,0,56,42,0,0,0,0,0,0,0,0,0,0,0,0,0,0,0,0,0,0,0,0,0,0,0,0,0,0,0,0,0,0,0,0,0,234,0,0,0,0,0,0,0,0,0,0,0,0,0,18,0,0,27,0,16,65,44,30,110,41,52,0,0,0,0,15,8,0,0,14,0,0,0,0,0,0,0,0,0,0,0,0,0,5,0,0,0,0,8,0,17,69,0,0,0,0,0,0,0,0,0,0,26,0,0,0,21,8,12,0,23,0,0,0,0,0,37,12,6,25,0,15,39,12,77,0,0,292,7,53,197,142,65,49,0,26,12,0,0,12,82,122,59,0,52,27,24,21,0,25,114,12,0,241,192,45,0,0,48,48
FeatureID201,13,9,0,9,16,22,121,109,199,22,127,0,26,26,34,23,13,0,21,0,19,71,0,0,0,0,0,0,0,0,0,0,0,0,0,0,0,0,0,0,0,0,0,0,0,0,21,0,19,0,47,0,0,0,30,67,7,44,0,32,0,56,0,0,29,46,26,0,19,18,12,0,25,8,0,0,0,0,0,0,0,0,14,0,17,0,0,0,0,0,17,0,0,0,38,80,0,0,90,0,0,0,10,19,0,21,16,17,0,42,0,0,0,0,11,0,0,0,12,0,0,0,0,9,0,0,0,0,0,0,0,0,0,0,0,0,0,0,0,0,0,0,0,0,0,0,0,0,0,0,0,0,0,0,0,0,0,0,0,0,0,0,0,0,0,22,13,0,24,0,23,6,0,0,0,0,0,0,0,0,0,15,0,0,12,0,0,0,22,25,0,0,0,0,0,0,0,0,0,15,0,13,0,0,14,0,51,0,12,16,0,21,44,0,0,0,0,15,17,49,9,20,0,0,0,25,26,11,60,68,0,0,23,20,15,21,24,30,0
FeatureID202,0,0,0,0,0,0,0,0,0,0,0,0,0,0,0,0,0,10,0,0,0,0,0,6,0,0,43,33,0,0,5,55,34,0,21,81,73,42,18,0,0,0,0,0,0,0,0,0,0,0,0,0,0,0,0,25,0,0,0,0,0,0,0,0,0,51,0,0,0,0,0,0,0,0,0,0,0,20,0,0,0,0,0,0,0,0,0,0,0,0,0,0,0,0,0,9,0,0,10,0,0,0,0,0,0,0,0,0,0,0,0,0,0,0,0,0,0,0,0,13,0,0,0,12,0,0,0,12,98,0,12,27,0,0,33,31,0,40,517,15,0,50,32,0,36,50,27,77,27,0,25,0,0,0,0,0,0,0,0,45,286,119,40,8,11,22,30,18,0,7,13,0,0,29,16,21,0,0,0,19,27,0,0,51,43,0,13,31,44,42,12,0,0,14,0,0,0,0,0,0,20,0,9,25,34,0,56,0,0,10,17,12,0,0,0,22,17,0,0,12,0,17,0,0,10,0,29,23,32,0,11,0,53,11,0,0,0,24,0
FeatureID203,1330,1745,764,2269,3027,1189,1950,2919,1570,1960,2281,594,1163,3186,3537,1136,1058,755,2736,48,1431,2418,568,1194,690,699,1092,1597,202,266,215,3488,753,378,87,211,383,623,170,818,1606,1171,987,1257,495,0,1749,425,1454,593,1241,604,376,507,3491,4152,799,2656,349,1870,2684,2587,1130,2072,2795,3728,5102,2363,2788,6901,3858,1213,2064,2713,706,1626,5512,719,0,342,792,3899,8031,3523,4302,3302,2416,1159,1133,2674,623,1804,781,833,483,2770,1752,947,4016,1644,55,1287,2329,273,248,1858,1372,1094,1338,3255,1918,728,5783,193,5627,3860,746,2543,1315,0,0,0,167,228,0,0,0,0,0,0,0,22,15,19,50,12,0,0,0,0,0,0,0,0,0,0,0,0,0,0,0,0,0,9,0,0,0,0,0,0,9,0,0,0,29,0,0,0,0,0,0,0,0,765,0,0,0,0,9,0,0,0,0,0,0,0,0,0,0,0,0,0,0,0,0,23,0,0,0,10,0,0,0,0,0,0,0,0,0,0,0,0,117,13,0,0,0,0,0,0,0,0,0,29,0,0,0,11,31,23,0,0,0,0,0,0,0,0,0
FeatureID204,0,0,0,0,0,0,0,0,0,0,0,0,0,0,0,0,0,0,0,0,0,0,0,0,0,0,0,0,0,0,0,0,0,0,0,0,0,0,0,0,0,0,0,0,0,0,0,0,0,0,0,0,0,0,0,0,0,0,0,0,0,0,0,0,0,0,0,0,0,0,0,0,0,0,0,0,0,0,0,0,0,0,0,0,0,0,0,0,0,0,0,0,0,0,0,0,0,0,0,0,0,0,0,0,0,0,0,0,0,0,0,0,0,0,0,0,0,0,0,17,146,45,14,35,0,64,0,56,0,12,0,13,9,7,7,7,0,0,0,26,8,42,20,0,19,73,30,15,73,0,8,42,24,46,20,29,25,0,35,0,11,17,15,0,0,0,0,0,0,0,13,39,0,0,0,0,0,0,0,0,0,44,0,12,25,0,0,0,0,0,0,0,9,63,0,0,0,0,16,22,22,0,0,0,15,0,110,11,100,41,24,0,18,0,15,26,0,0,22,39,22,16,0,12,14,79,11,17,13,19,23,0,24,13,23,50,52,105,0
FeatureID205,0,0,0,0,0,0,45,183,102,16,6,0,0,0,36,163,42,0,0,0,0,0,0,12,0,10,32,11,0,0,0,0,6,0,0,29,51,25,7,0,0,0,8,12,0,0,34,3,42,10,0,0,4,15,82,169,87,30,10,46,56,118,0,35,54,286,0,4,15,11,0,0,0,0,0,4,0,0,0,0,0,0,0,0,0,0,0,0,0,0,0,0,0,0,0,0,0,0,0,0,0,0,0,0,0,0,0,0,0,113,0,0,0,5,0,0,0,0,0,20,90,43,0,0,0,76,26,9,0,0,0,11,13,11,8,16,0,0,0,11,6,9,38,6,0,0,6,0,0,0,0,0,0,16,0,13,76,13,0,0,0,0,0,0,0,0,0,0,0,0,0,4,0,28,0,0,0,0,0,0,0,5,0,0,0,0,0,0,0,5,0,0,0,0,6,8,0,6,13,20,0,3,0,0,0,0,0,0,0,0,0,9,0,0,0,0,12,0,0,0,0,0,0,0,0,6,0,26,31,64,0,0,0,0,0,0,32,0,0
FeatureID206,0,0,0,10,9,0,0,0,73,133,17,0,9,30,42,42,21,0,23,0,15,14,0,0,0,0,0,0,0,0,0,0,0,0,0,0,0,0,0,0,0,0,0,0,0,0,156,0,37,0,0,0,0,9,20,0,0,32,12,33,40,20,14,70,114,32,11,18,25,0,0,0,16,0,0,0,11,0,0,0,8,0,0,0,0,0,0,0,0,0,0,0,0,0,0,0,0,6,0,0,0,0,0,0,0,0,0,0,0,62,0,0,0,0,0,0,0,0,0,0,21,0,0,0,19,0,0,0,0,0,0,0,0,0,0,0,25,0,0,0,11,58,0,0,0,0,0,0,0,10,0,12,19,12,14,50,78,24,43,0,0,0,0,0,17,0,0,0,0,0,0,0,0,0,0,0,9,15,33,0,0,0,52,0,0,32,0,0,0,0,0,0,19,0,29,39,0,7,13,14,0,8,0,0,0,0,0,0,26,0,0,0,20,0,0,0,0,12,68,0,0,0,0,0,0,19,0,0,0,49,0,0,0,0,60,54,51,0,16
FeatureID207,0,0,0,0,0,0,0,75,0,114,42,16,0,0,0,0,0,0,0,0,0,28,27,0,0,0,27,0,83,0,73,83,48,60,126,114,58,64,0,72,26,0,53,25,0,0,0,0,0,0,31,0,0,0,0,0,0,0,0,0,0,0,0,0,0,0,0,0,0,0,0,0,0,0,0,0,0,0,0,0,0,26,33,42,92,0,0,0,0,31,47,0,0,0,72,225,27,25,369,0,0,25,37,28,0,180,64,0,0,0,74,0,29,199,112,26,0,0,23,0,0,23,15,36,26,23,0,16,0,18,29,14,0,0,0,0,0,0,0,28,12,11,28,0,0,9,0,0,0,0,9,0,26,11,18,56,44,32,17,15,14,6,0,0,0,0,0,0,0,0,0,0,0,0,0,0,0,0,0,0,0,0,0,0,0,0,0,0,19,0,0,0,0,0,0,0,0,0,0,0,0,0,0,0,0,0,0,0,6,0,0,0,0,0,0,0,0,0,0,8,0,0,0,0,0,0,0,0,0,0,8,0,0,0,0,0,0,0,0
FeatureID208,59,59,20,201,368,42,147,131,0,108,210,82,289,258,588,197,61,161,744,15,188,233,150,47,82,68,174,183,97,65,116,92,67,0,27,18,37,73,0,38,51,57,77,340,0,0,213,0,73,44,89,61,25,43,160,396,49,232,21,64,124,177,522,247,293,169,291,136,449,156,146,52,236,328,75,454,350,309,0,84,196,711,504,218,237,64,15,45,100,410,59,630,79,57,79,327,79,37,0,247,17,199,478,81,148,212,116,152,41,48,381,87,125,117,103,0,151,227,87,0,0,0,0,0,0,0,0,0,0,0,0,0,0,0,0,0,0,0,0,0,0,0,0,0,0,0,0,0,0,0,0,0,0,0,0,0,0,0,0,0,0,0,0,0,0,0,0,0,0,0,22,0,0,131,0,0,0,0,0,0,0,0,0,13,0,0,0,0,0,0,0,0,0,0,0,0,13,0,0,0,0,0,0,0,0,0,0,0,0,0,0,0,0,0,0,0,0,0,0,0,0,0,0,12,0,0,0,0,0,0,0,0,0,0,0,0,0,0,0
FeatureID209,0,0,0,0,0,0,0,0,0,7,0,0,0,0,0,0,0,0,0,0,0,0,0,0,0,0,0,0,0,0,0,0,0,0,0,0,0,0,0,0,0,0,0,0,0,0,0,0,0,0,0,0,0,0,0,0,0,0,0,0,0,0,0,0,0,0,0,0,0,0,0,0,0,0,0,0,0,0,0,0,0,0,0,0,0,0,0,0,0,0,0,0,0,0,0,0,0,0,0,0,0,0,0,0,0,0,0,0,0,0,0,0,0,0,0,0,0,0,0,166,94,36,36,72,0,12,18,7,329,0,0,126,41,48,90,40,90,47,23,81,63,0,42,0,149,14,0,25,151,42,59,20,0,75,68,40,110,0,40,9,14,21,0,14,12,0,0,0,0,0,0,0,0,0,0,0,0,44,38,0,0,62,0,12,0,0,111,0,21,31,0,16,0,0,0,49,26,42,0,0,0,8,0,248,26,9,90,12,23,110,62,8,21,34,86,16,26,49,108,167,19,14,86,46,20,45,0,8,0,50,153,123,28,11,157,195,292,158,54
FeatureID210,17,30,28,68,153,21,60,93,18,8,38,14,29,30,120,53,22,0,87,0,82,149,0,0,0,0,0,0,0,95,0,0,0,0,0,0,0,0,0,0,0,0,0,0,0,0,16,0,0,0,24,52,12,0,21,35,0,7,7,6,90,139,112,24,52,35,94,42,69,144,42,18,64,110,14,61,254,12,0,42,69,239,266,124,162,66,13,50,44,149,57,140,57,32,74,141,202,37,57,70,0,12,161,48,15,0,31,28,37,12,52,26,128,0,8,0,0,27,11,0,0,0,0,0,0,0,0,0,0,0,0,0,0,0,0,0,0,0,0,0,0,0,0,0,0,0,0,0,0,0,0,0,0,0,0,0,0,0,0,0,0,0,0,0,0,0,0,0,0,0,0,0,0,0,0,0,0,0,0,0,0,0,0,0,0,0,0,0,0,0,0,0,0,0,0,0,0,0,0,0,0,0,0,0,0,0,0,0,0,0,0,0,0,0,0,0,0,0,0,0,0,0,0,0,0,0,0,0,0,0,0,0,0,0,0,0,0,0,0
FeatureID211,0,0,0,0,0,0,0,0,0,0,0,0,0,0,0,0,0,0,0,0,0,0,0,0,0,0,0,0,0,0,0,0,0,0,0,0,0,0,0,0,0,0,0,0,0,0,0,0,0,0,0,0,0,0,0,0,0,0,0,0,0,0,0,0,0,0,0,0,0,0,0,0,0,0,0,0,0,0,0,0,0,0,0,0,0,0,0,0,0,0,0,0,0,0,0,0,0,0,0,0,0,0,0,0,0,0,0,0,0,0,0,0,0,0,0,0,0,0,0,0,35,13,0,20,0,71,36,90,92,97,80,60,21,31,18,0,53,60,55,26,15,54,43,7,0,31,10,0,37,0,0,0,0,0,0,0,0,0,10,20,56,48,19,0,0,0,0,27,12,0,13,14,0,0,0,36,0,0,0,18,14,0,0,0,0,0,0,0,22,36,0,0,0,0,9,34,0,0,0,0,0,0,0,19,47,0,127,0,0,0,0,0,0,34,32,15,10,0,0,10,15,0,0,24,23,113,27,46,27,53,14,13,13,13,0,0,0,0,0
FeatureID212,0,0,0,0,0,0,0,0,0,10,0,0,0,0,0,0,0,0,0,0,0,0,0,0,0,0,0,0,0,0,0,0,0,0,0,0,0,0,0,0,0,0,0,0,0,0,0,0,0,0,0,0,0,0,0,0,0,0,0,0,0,0,0,0,0,0,0,0,0,0,0,0,0,0,0,0,0,0,0,0,0,0,0,0,0,0,0,0,0,0,0,0,0,0,0,0,0,0,0,0,0,0,0,0,0,0,0,0,0,0,0,0,0,0,0,0,0,0,0,24,0,70,0,0,17,0,46,60,41,118,17,0,8,0,43,30,0,21,13,42,0,0,0,0,0,15,0,36,19,0,7,0,0,10,14,22,27,0,14,0,0,12,0,77,155,21,79,23,7,0,0,7,0,28,0,178,0,41,8,37,0,14,11,100,62,74,278,0,14,42,0,0,58,18,56,101,0,0,28,50,50,81,41,50,76,0,0,0,122,68,160,381,29,76,25,35,0,0,26,89,24,29,65,24,65,50,10,0,0,0,47,22,53,41,75,114,135,121,161
FeatureID213,202,124,65,214,637,110,145,850,0,0,145,174,52,64,241,124,68,0,0,0,0,35,0,0,0,0,0,0,0,0,60,0,33,10,0,0,0,0,57,0,0,0,0,0,0,0,0,0,0,0,0,0,25,70,85,133,391,46,100,0,0,0,0,216,837,186,772,0,42,378,64,0,0,41,21,295,216,0,0,0,0,0,0,0,0,0,0,0,0,0,242,0,0,35,40,0,0,0,0,0,0,0,12,0,0,0,0,0,0,0,432,153,0,112,238,19,61,139,142,0,0,0,0,0,0,0,0,0,0,0,0,0,0,0,0,0,0,0,0,0,0,0,0,0,0,0,0,0,0,0,0,0,0,0,0,0,0,0,0,0,0,0,0,0,0,0,0,0,0,0,0,0,0,0,0,0,0,0,0,0,0,0,0,0,0,0,0,0,0,0,0,0,0,0,0,0,0,0,0,0,0,0,0,0,0,0,0,0,0,0,0,0,0,0,0,0,0,0,0,0,0,0,0,0,0,0,0,0,0,0,0,0,0,0,0,0,0,0,0
FeatureID214,10,40,0,38,59,34,142,235,52,15,21,0,30,23,68,43,23,0,53,0,0,98,44,17,6,9,34,22,16,0,24,28,5,9,10,11,11,12,0,79,26,36,49,66,0,0,0,0,0,0,12,0,0,0,0,76,16,21,0,17,38,0,19,118,57,35,0,0,0,0,0,0,0,0,0,0,0,16,0,0,12,17,32,8,16,5,5,0,4,50,8,9,0,0,0,34,75,38,56,5,0,17,56,0,0,0,0,0,0,0,24,13,11,31,0,0,0,8,12,0,55,31,0,10,24,0,0,18,0,10,19,24,7,8,42,19,0,0,0,21,0,0,0,0,0,0,0,0,0,0,0,0,0,8,0,0,0,0,0,0,0,0,0,0,0,0,0,8,0,0,0,0,0,29,0,0,0,0,0,0,0,0,0,0,0,0,0,0,7,0,0,0,0,0,0,8,0,0,0,0,0,0,11,7,0,0,18,0,0,0,14,10,41,0,0,0,0,0,0,0,12,0,11,0,12,0,0,0,0,0,0,0,10,6,0,7,0,13,10
FeatureID215,0,0,0,0,0,0,12,0,11,0,5,0,5,0,0,0,0,0,0,0,0,10,19,39,18,0,18,7,8,0,16,32,27,21,16,16,19,13,0,22,6,8,19,43,0,0,0,0,0,0,78,0,0,0,0,0,0,0,0,0,0,0,0,0,0,0,0,0,0,0,0,0,0,0,0,0,0,0,0,0,0,31,35,13,20,0,16,6,4,31,0,28,0,0,8,83,41,18,92,18,0,39,31,0,0,30,22,62,0,0,12,0,21,24,12,0,0,0,8,0,0,0,0,0,0,0,0,0,0,0,0,0,0,0,0,0,0,0,0,0,0,0,6,0,0,0,0,0,7,0,0,7,7,0,0,5,0,0,0,0,0,0,0,0,0,0,5,0,0,0,0,0,0,17,0,0,0,0,6,12,0,0,11,0,0,0,0,0,11,9,0,0,0,0,0,0,0,0,0,0,0,0,0,0,0,0,11,0,0,0,9,6,6,0,0,0,0,0,0,0,0,0,5,0,0,0,0,0,0,0,0,7,0,0,6,0,7,0,0
FeatureID216,0,0,0,0,0,0,0,0,0,0,0,0,0,0,0,0,0,0,0,0,0,0,0,0,0,0,0,12,0,0,0,0,0,0,0,0,7,5,0,0,0,0,0,0,0,0,0,0,0,0,0,0,0,0,0,0,0,0,0,0,0,0,0,0,0,0,0,0,0,0,0,0,0,0,0,0,0,0,0,0,0,0,0,0,0,0,0,0,0,0,0,0,0,0,0,0,0,0,0,0,0,0,0,0,0,0,0,0,0,0,0,0,0,0,0,0,0,0,0,30,22,0,23,0,41,0,43,21,9,18,8,8,14,0,0,7,0,27,11,14,17,19,38,6,47,24,11,63,74,35,0,39,52,16,8,25,32,8,0,17,16,29,33,0,0,0,0,0,8,0,0,0,0,0,0,0,0,0,0,0,0,0,0,0,0,0,0,0,0,11,0,6,0,0,0,0,0,0,0,0,0,0,8,16,7,6,76,9,0,0,10,23,10,0,30,0,0,0,12,0,0,0,6,38,10,77,17,33,62,0,0,9,19,26,39,32,32,80,6
FeatureID217,0,0,0,0,0,0,0,0,0,56,0,0,0,0,0,0,0,0,0,0,0,0,0,0,0,0,0,0,0,0,0,0,0,0,0,0,0,0,0,0,0,0,0,0,0,0,0,0,0,0,0,0,0,0,0,0,0,0,0,0,0,0,0,0,0,0,0,0,0,0,0,0,0,0,0,0,0,0,0,0,0,0,0,0,0,0,0,46,0,0,0,0,0,0,0,34,0,18,0,0,0,0,29,0,0,0,0,0,0,0,0,0,0,0,0,14,0,0,0,0,0,34,0,0,0,0,8,28,45,0,29,66,15,78,113,121,58,31,14,0,0,0,0,0,0,0,0,0,0,0,0,0,0,0,0,0,0,13,11,0,14,110,0,102,92,42,99,0,245,277,0,24,0,54,38,130,89,61,53,334,75,527,72,0,28,15,46,115,21,0,18,11,210,203,16,0,0,673,119,499,136,125,102,286,19,72,220,26,0,0,14,87,12,119,115,114,68,48,58,9,0,35,0,0,44,70,46,87,57,153,0,0,13,59,19,221,22,6,23
FeatureID218,0,0,0,0,0,0,0,0,0,0,0,0,0,0,0,0,0,0,0,0,0,0,0,0,0,0,0,0,0,0,0,0,0,0,0,0,0,0,0,0,0,0,0,0,0,0,0,0,0,0,0,0,0,0,0,0,0,0,0,0,0,0,0,0,0,0,0,0,0,0,0,0,0,0,0,0,0,0,0,0,0,0,0,0,0,0,0,0,0,0,0,0,0,0,0,0,0,0,0,0,0,0,0,0,0,0,0,0,0,0,0,0,0,0,0,0,0,0,0,0,0,0,0,0,0,0,0,0,0,0,0,0,0,0,0,0,0,0,0,0,0,0,0,0,0,0,0,0,0,0,0,0,0,0,0,0,0,0,0,0,0,0,0,0,0,0,0,0,0,0,0,0,0,0,0,0,0,0,0,0,0,0,0,0,0,0,0,0,0,0,0,0,0,0,0,0,0,0,0,0,0,230,223,87,48,0,49,0,112,0,19,363,0,15,175,0,6,0,56,141,343,172,0,194,75,130,0,605,147,90,97,218,394,97,0,0,189,177,236
FeatureID219,0,0,6,0,0,0,0,0,14,0,25,20,28,13,0,7,0,0,11,0,5,13,0,16,11,0,12,29,0,0,36,6,71,17,33,8,13,15,0,0,0,0,0,0,8,0,45,7,44,5,54,0,11,11,56,32,10,17,0,12,20,21,9,8,23,29,35,11,24,20,0,0,17,11,0,18,11,0,0,0,0,39,81,53,36,0,17,12,5,15,0,18,0,0,38,182,59,64,97,19,0,24,46,0,0,35,8,93,3,25,7,0,18,6,34,15,0,5,0,12,23,16,21,18,23,10,12,25,5,7,0,0,9,7,0,5,23,11,16,12,10,0,20,8,7,24,8,0,29,0,0,9,18,14,14,19,26,0,3,12,9,10,0,5,40,10,9,15,11,0,0,8,0,19,0,58,7,24,32,10,14,0,20,0,16,13,15,29,35,20,0,0,0,11,0,8,17,30,12,9,11,13,0,37,20,16,46,16,17,36,13,12,35,20,10,19,29,10,35,0,0,0,14,17,17,14,28,41,34,61,15,13,0,0,46,78,0,0,7
FeatureID220,88,71,0,0,0,0,256,201,109,0,7,29,0,0,252,16,0,0,0,0,16,102,0,0,0,0,0,0,0,0,0,0,0,0,0,0,0,0,0,0,0,0,0,0,0,0,0,0,0,0,0,0,0,0,30,85,0,0,0,0,0,0,12,33,82,23,17,0,89,0,33,170,197,0,0,29,403,0,0,0,77,0,0,0,0,0,0,0,0,0,0,0,0,0,0,0,0,0,0,0,0,0,0,0,0,0,0,0,0,0,0,0,0,0,0,0,0,0,0,0,0,0,0,0,0,0,0,0,0,0,0,0,0,0,0,0,0,0,0,0,0,0,0,0,0,0,0,0,0,0,0,0,0,0,0,0,0,0,0,0,0,0,0,0,0,0,0,0,0,0,0,0,0,0,0,0,0,0,0,0,0,0,0,0,0,0,0,0,0,0,0,0,0,0,0,0,0,0,0,0,0,0,0,0,0,0,0,0,0,0,0,0,0,0,0,0,0,0,0,0,0,0,0,0,0,0,0,0,0,0,0,0,0,0,0,0,0,0,0
FeatureID221,0,0,0,0,0,0,0,0,0,0,0,0,0,0,18,0,0,0,0,0,0,0,0,0,0,0,0,0,0,0,0,0,0,0,0,0,0,0,0,0,0,0,0,0,0,0,0,0,0,0,0,0,0,0,0,0,0,0,0,0,0,0,0,0,0,0,0,0,0,0,0,0,0,0,0,0,0,0,0,0,0,0,0,0,0,0,0,0,0,0,0,0,0,0,0,0,0,0,0,0,0,0,0,0,0,0,0,0,0,0,0,0,0,0,0,0,0,0,0,58,0,0,29,31,0,0,0,0,0,15,17,17,0,16,42,89,0,0,0,0,0,0,17,0,0,0,0,41,0,0,0,34,0,0,0,0,39,18,0,0,0,0,0,21,24,31,36,0,35,31,30,30,15,0,21,257,21,42,0,0,141,19,0,0,42,54,30,56,69,0,0,0,23,13,51,48,0,20,51,65,45,0,0,0,0,0,0,0,0,0,0,0,0,0,0,0,0,0,0,0,0,0,0,0,0,0,0,0,0,0,0,0,0,0,0,0,0,0,0
FeatureID222,8,0,0,9,29,7,26,18,32,0,21,12,26,17,31,0,12,0,32,0,12,16,0,0,18,0,27,43,0,0,0,8,91,36,34,0,23,0,0,23,0,0,0,31,0,0,59,0,16,0,0,0,0,0,0,6,0,51,0,12,28,21,0,0,0,8,0,0,0,0,0,0,0,0,0,0,0,0,0,0,0,0,0,0,12,0,0,0,0,0,0,0,0,0,19,18,0,0,0,0,0,0,0,0,0,17,13,7,0,9,0,0,0,28,0,0,0,0,0,34,47,22,28,47,55,36,17,42,0,45,50,79,16,41,33,30,0,24,45,30,19,45,35,10,13,14,6,0,94,14,0,38,54,64,59,69,63,14,10,8,21,21,22,0,0,0,0,0,0,0,0,0,0,28,0,0,0,0,0,0,0,0,0,0,0,0,0,0,0,0,0,0,0,0,0,0,0,0,0,0,0,0,0,0,0,0,28,14,0,23,17,0,13,0,8,12,0,10,20,0,0,0,0,29,8,16,0,0,29,36,0,0,0,0,0,19,23,14,9
FeatureID223,20,41,241,51,0,20,29,191,125,210,120,40,17,45,162,64,22,62,143,0,176,101,111,34,126,103,9,25,193,0,79,270,177,61,12,74,96,151,210,201,56,42,102,227,5,0,37,0,9,14,70,14,0,0,22,130,10,32,0,21,121,87,14,20,7,82,739,57,16,504,145,52,209,134,8,62,41,18,0,25,22,131,450,74,1331,719,114,152,0,63,17,136,0,14,87,412,449,192,0,6,0,60,276,0,0,61,45,40,22,12,88,134,46,37,136,17,54,332,37,5,13,25,29,29,0,17,37,44,0,9,35,17,22,12,0,0,0,23,0,15,7,0,0,0,0,0,0,0,0,0,0,9,0,0,12,10,0,0,0,0,0,0,0,0,0,0,0,0,0,0,61,0,0,0,0,0,0,0,0,0,0,35,0,0,0,17,0,0,0,0,0,0,0,0,0,0,0,0,0,23,0,0,0,0,0,0,0,0,8,0,7,0,0,0,0,0,0,0,17,0,0,0,0,0,0,4,0,12,0,26,0,0,0,0,9,14,14,0,0
FeatureID224,34,43,0,17,101,43,86,61,151,69,41,22,19,93,173,101,32,0,76,0,20,121,60,0,9,117,44,266,26,0,55,23,143,34,32,17,75,88,17,8,0,14,21,54,0,0,0,0,0,0,53,0,0,0,0,0,0,0,0,0,0,0,0,0,0,13,0,0,0,0,0,0,0,0,0,0,0,0,0,0,0,85,54,7,18,0,0,0,15,61,0,18,0,0,0,21,47,22,77,24,0,18,71,0,0,19,8,12,21,22,106,45,24,24,16,38,15,18,0,0,0,0,0,0,0,19,0,0,12,0,0,0,0,0,0,0,0,0,0,0,0,0,18,0,12,18,0,0,23,0,0,18,0,10,18,18,39,0,16,19,18,32,0,0,0,0,0,0,0,0,9,0,0,31,0,0,0,12,10,0,0,0,0,0,0,0,0,0,0,0,0,0,0,0,0,0,0,13,0,11,0,0,0,0,0,0,20,15,12,11,0,0,0,0,0,0,0,18,0,23,0,0,0,0,0,16,0,21,20,37,42,0,23,0,0,0,36,66,0
FeatureID225,0,0,0,0,0,0,0,0,0,0,0,0,0,0,22,0,0,0,0,0,0,0,80,25,85,48,0,0,30,99,68,70,62,38,98,20,77,127,27,87,74,31,109,162,0,0,0,0,0,0,137,0,0,0,0,0,0,0,0,0,0,0,0,0,0,0,0,0,0,0,0,0,0,0,0,0,0,0,0,0,0,13,0,11,183,23,25,78,0,24,74,78,9,106,260,42,108,36,122,32,19,24,44,63,52,68,48,54,85,0,0,14,41,82,0,0,0,6,26,205,165,829,176,441,71,386,400,791,81,353,422,394,101,76,0,0,84,332,97,160,283,1191,2748,513,803,1046,225,178,406,28,71,229,153,117,19,11,0,40,100,174,476,920,461,22,33,307,816,285,41,0,0,193,0,12,0,48,15,0,0,119,65,206,869,76,0,220,40,15,188,1196,29,0,133,395,19,29,9,87,16,77,843,0,8,0,24,0,57,26,0,28,34,17,0,0,18,0,0,0,14,96,96,19,19,89,373,0,0,0,0,0,236,57,69,22,0,32,21,12,146
FeatureID226,0,0,0,0,0,0,0,0,0,0,0,0,0,0,0,0,0,0,0,0,0,0,0,0,0,0,0,0,0,0,0,0,0,0,0,0,0,0,0,0,0,0,0,0,0,0,0,0,0,0,0,0,0,0,0,0,0,0,0,0,0,0,0,0,0,0,0,0,0,0,0,0,0,0,0,0,0,0,0,0,0,0,0,0,0,0,0,0,0,0,0,0,0,0,0,0,0,0,0,0,0,0,0,0,0,0,0,0,0,0,0,0,0,0,0,0,0,0,0,0,0,0,0,0,0,0,0,0,0,0,0,0,0,0,0,0,0,0,0,0,0,54,75,23,24,0,21,80,91,23,0,0,0,0,0,0,0,16,0,0,31,62,31,18,69,0,0,0,0,10,74,31,0,45,21,0,0,0,0,0,0,0,0,6,108,0,0,0,0,0,0,0,0,4,14,22,0,0,9,11,42,0,0,0,0,0,0,0,0,0,0,0,0,0,0,0,0,0,0,0,0,0,0,0,0,0,0,0,0,0,0,0,0,0,0,0,0,0,0
FeatureID227,282,189,321,211,276,285,600,47,85,0,658,135,401,1078,980,851,531,0,1557,27,588,1353,569,660,439,241,140,123,1054,0,1219,0,498,80,0,20,501,354,115,1462,416,624,625,1314,191,296,1696,0,347,223,44,102,148,302,1201,82,537,41,0,428,115,539,570,146,57,97,0,0,133,39,55,0,0,0,0,43,23,0,0,24,167,0,0,0,0,0,0,641,0,0,0,0,0,23,0,0,0,27,80,0,0,83,29,0,0,0,0,0,0,877,0,0,0,1403,0,0,0,0,0,0,0,0,0,0,0,0,0,0,0,0,0,0,0,0,0,0,0,0,0,0,0,0,0,0,0,0,0,0,0,0,0,0,0,0,0,0,0,0,0,0,0,0,0,0,0,0,0,0,0,0,0,0,0,116,0,0,0,0,0,0,0,0,0,0,0,0,0,0,0,0,0,0,0,0,0,0,0,0,0,0,0,0,0,0,0,0,0,0,0,0,0,0,0,0,0,0,0,0,0,0,0,0,0,0,0,0,0,0,0,0,0,0,0,0,0,0,0,0,0
FeatureID228,0,0,0,0,0,0,0,0,0,0,0,0,0,0,0,0,0,0,0,0,0,0,0,0,0,0,0,0,0,0,0,0,0,0,0,0,0,0,0,0,0,0,0,0,0,0,0,0,0,0,0,0,0,0,0,0,0,0,0,0,0,0,0,0,0,0,0,0,0,0,0,0,0,0,0,0,0,0,0,0,0,0,0,0,0,0,0,0,0,0,0,0,0,0,0,0,0,0,0,0,0,0,0,0,0,0,0,0,0,0,0,0,0,0,0,0,0,0,0,0,0,0,0,0,0,0,0,0,0,0,0,0,0,0,0,0,0,0,0,0,0,40,9,0,11,16,8,37,91,0,0,37,0,0,0,21,19,10,0,72,54,82,15,10,29,8,0,0,0,0,18,48,16,11,9,7,0,0,23,0,0,15,34,28,25,9,42,0,0,0,0,24,30,10,111,0,0,0,0,35,23,0,0,0,0,0,0,0,0,0,0,0,0,0,0,0,0,0,0,0,0,0,0,0,0,0,0,0,0,0,0,0,0,0,0,0,0,0,0
FeatureID229,7,11,0,29,68,0,0,43,0,0,13,0,11,45,33,21,7,14,31,0,10,24,0,0,0,0,22,0,0,0,0,58,26,0,0,12,10,34,12,15,0,0,0,0,0,0,33,0,36,11,0,0,0,21,94,14,0,11,0,0,19,14,9,0,10,34,42,10,40,43,0,0,0,20,0,0,10,8,0,0,0,0,0,0,0,0,0,0,0,0,0,0,0,0,0,11,0,0,0,0,0,0,0,0,0,0,0,0,0,137,0,0,0,0,0,0,0,0,0,0,0,0,0,0,0,0,0,0,0,0,0,0,0,0,0,0,0,0,0,0,0,0,8,12,0,8,0,0,35,0,0,19,36,12,22,20,19,11,8,0,12,10,17,0,0,0,0,0,0,0,0,0,0,8,0,0,0,0,0,0,0,0,0,0,0,0,0,0,0,0,0,0,0,0,0,0,0,0,0,8,0,0,0,0,10,0,14,0,8,11,0,0,10,0,0,0,0,0,0,0,0,0,0,7,0,0,0,0,0,7,0,0,0,0,11,0,0,0,0
FeatureID230,0,0,0,0,0,0,0,0,0,28,0,0,0,0,0,0,8,0,0,0,0,0,0,0,0,0,0,0,0,0,0,19,0,0,0,0,0,12,0,0,0,0,0,0,0,0,0,0,0,0,0,0,0,0,0,0,0,0,0,0,0,0,0,0,0,0,0,0,0,0,0,0,0,0,0,0,0,0,0,0,0,0,0,0,0,0,0,0,0,0,0,0,0,0,0,0,0,0,0,0,0,0,0,0,0,0,0,0,0,0,0,0,0,0,0,0,0,0,0,0,161,74,0,0,22,42,113,90,168,120,60,62,19,117,188,109,28,0,0,0,29,0,0,0,100,72,135,90,35,0,261,79,105,207,31,0,121,121,294,180,1426,134,30,0,0,319,93,75,85,57,0,0,0,174,16,0,0,0,0,117,269,0,272,302,456,0,18,1068,19,225,25,30,0,0,0,29,110,359,486,152,125,491,145,2292,243,99,540,0,578,1121,707,660,33,89,97,141,452,165,0,48,28,85,50,139,100,70,44,887,848,232,95,154,135,163,309,77,527,988,89
FeatureID231,0,0,0,0,0,0,0,0,0,16,0,0,0,0,0,0,0,0,0,0,0,0,0,0,0,0,0,0,0,0,0,0,0,0,0,0,0,0,0,0,0,0,0,0,0,0,0,0,0,0,0,0,0,0,0,0,0,0,0,0,0,0,0,0,0,0,0,0,0,0,0,0,0,0,0,0,0,0,0,0,0,0,0,0,0,0,0,0,0,0,0,0,0,0,0,0,0,0,0,0,0,0,0,0,0,0,0,0,0,0,0,0,0,0,0,0,0,0,0,0,0,0,0,0,0,0,0,0,0,0,0,0,0,0,0,0,0,0,0,0,0,132,165,101,95,119,0,46,55,0,0,96,18,100,16,64,0,0,6,99,543,507,19,22,354,14,0,13,15,0,0,318,18,104,0,0,0,0,0,104,0,275,471,69,1227,68,218,39,13,13,18,54,0,149,64,47,0,0,44,15,353,0,0,0,0,0,0,0,838,239,0,0,0,0,0,0,0,0,0,635,130,0,0,0,0,13,0,0,0,0,31,45,0,0,58,557,614,208,10
FeatureID232,0,0,0,0,0,0,0,0,0,0,0,0,0,0,0,0,0,0,0,0,0,0,0,0,0,0,0,0,0,0,0,0,0,0,0,0,0,0,0,0,0,0,0,0,0,0,0,0,0,0,0,0,0,0,0,0,0,0,0,0,0,0,0,0,0,0,0,0,0,0,0,0,0,0,0,0,0,0,0,0,0,0,0,0,0,0,0,0,0,0,0,0,0,0,0,0,0,0,0,0,0,0,0,0,0,0,0,0,0,0,0,0,0,0,0,0,0,0,0,0,0,0,0,0,0,0,0,0,52,0,132,385,426,206,257,190,0,0,0,0,0,0,0,0,0,0,0,0,0,0,0,0,0,0,0,0,0,0,0,0,0,0,0,0,0,0,0,0,261,101,0,0,0,0,0,0,0,0,0,0,0,0,0,0,0,0,0,0,0,0,0,363,0,0,0,0,0,0,0,0,0,503,183,1121,493,137,291,55,351,937,1776,1092,296,211,463,256,913,193,112,155,234,337,654,465,384,320,368,2312,1197,426,0,0,513,460,0,0,0,0,219
FeatureID233,0,0,0,0,0,0,0,84,99,0,30,0,0,0,0,0,0,0,0,0,0,0,0,13,48,0,82,42,0,0,59,0,375,43,0,0,0,0,0,0,0,0,0,68,0,0,17,0,0,0,0,0,0,0,0,36,0,78,0,13,14,25,0,0,0,0,0,17,95,0,0,0,0,0,0,0,0,0,0,0,0,24,0,0,7,0,0,0,0,0,0,0,0,0,0,40,0,0,40,0,0,0,0,0,0,107,0,0,0,0,0,0,0,41,0,0,0,0,0,29,52,125,0,0,0,0,35,165,0,19,0,23,12,14,19,0,27,0,0,0,0,23,79,68,0,0,0,0,0,0,0,0,186,0,79,53,0,24,0,43,0,0,0,0,0,0,0,0,0,0,0,0,0,16,0,0,0,0,0,20,0,0,40,0,0,0,0,68,131,66,0,25,0,0,0,0,0,0,0,45,0,29,0,80,67,63,196,55,25,0,0,24,0,13,25,111,48,36,147,0,0,0,0,30,52,122,66,36,60,235,0,31,15,24,0,113,0,0,29
FeatureID234,11,11,0,0,0,0,16,9,0,0,11,0,0,0,10,0,0,0,0,0,0,19,0,0,0,0,0,0,0,0,0,0,0,0,0,0,0,8,0,0,0,0,0,0,0,0,0,0,6,0,9,0,0,0,20,10,0,0,0,8,0,10,0,8,10,10,0,0,0,0,0,0,0,0,0,0,0,0,0,0,0,14,0,0,0,0,0,5,0,5,0,0,0,0,0,7,4,0,9,0,0,0,11,0,0,0,0,0,0,0,5,0,0,0,0,9,0,0,0,0,0,0,0,0,0,15,0,11,44,0,0,0,0,0,0,0,29,16,0,0,0,6,15,0,0,0,0,0,0,0,0,34,41,55,55,100,101,15,15,0,0,0,0,0,0,0,0,0,0,0,0,0,0,0,0,0,0,0,10,16,0,0,0,0,0,0,0,0,0,0,0,0,0,0,0,0,0,0,8,0,0,19,0,48,32,0,9,0,0,0,0,0,0,0,0,0,12,0,0,9,0,0,0,0,0,19,43,5,0,0,6,12,0,0,19,0,8,27,0
FeatureID235,0,0,0,0,0,0,0,0,0,0,0,0,0,0,0,0,0,0,0,0,0,0,0,0,0,0,0,0,0,0,0,14,0,0,0,0,0,0,0,0,0,0,0,0,0,0,160,17,59,0,0,0,18,0,0,0,0,76,0,10,11,11,0,0,0,0,0,0,0,0,0,0,0,0,0,0,0,0,0,0,0,0,0,0,0,0,0,0,0,0,0,0,0,0,0,0,0,0,0,0,0,0,0,0,0,0,0,0,0,0,0,0,0,0,29,0,0,0,0,402,186,388,84,239,519,212,337,158,100,190,260,157,0,48,53,11,37,330,611,658,267,0,0,0,0,0,0,0,56,58,76,153,330,322,282,395,401,889,419,88,145,0,0,0,0,0,0,0,0,163,0,28,0,0,0,26,150,1246,1134,0,28,0,0,0,0,0,0,14,0,0,0,0,0,98,0,0,128,376,0,161,305,112,52,418,158,157,459,460,0,13,0,61,52,147,223,371,87,422,240,0,0,66,0,34,124,534,66,550,250,919,0,0,74,151,65,94,169,206,11
FeatureID236,0,0,0,0,0,0,0,0,0,0,0,0,0,0,0,0,0,0,0,0,0,0,0,16,32,17,32,0,0,0,0,27,59,19,0,0,0,0,0,0,0,0,19,76,0,0,0,0,56,0,0,0,0,6,19,34,0,51,0,0,0,0,0,0,0,46,0,0,0,0,0,0,0,0,0,0,0,0,0,0,0,0,0,0,0,0,0,0,0,29,0,0,0,0,0,0,0,0,48,0,0,0,0,0,0,46,0,0,0,0,0,0,0,28,0,0,0,0,0,41,0,41,0,33,148,12,0,33,15,20,35,40,0,0,0,0,99,136,27,34,23,0,48,0,0,18,0,0,11,0,14,17,22,16,0,0,22,18,23,29,51,19,0,0,29,0,14,34,17,0,31,40,0,24,0,28,0,17,0,0,20,57,74,0,27,19,0,33,16,41,0,0,34,64,0,0,0,30,0,19,31,0,0,0,36,0,44,9,62,71,0,0,0,0,16,0,0,0,20,30,20,0,0,0,0,14,0,16,0,18,19,25,15,0,65,31,39,30,0
FeatureID237,0,0,0,0,0,0,0,0,0,0,0,0,0,0,0,0,0,0,0,0,0,0,0,0,0,0,0,0,0,0,0,0,0,0,0,0,0,0,0,0,0,0,0,0,0,0,0,0,0,0,0,0,0,0,0,0,0,0,0,0,0,0,0,0,0,0,0,0,0,0,0,0,0,0,0,0,0,0,0,0,0,0,0,0,0,0,0,0,0,0,0,0,0,0,0,0,0,0,0,0,0,0,0,0,0,0,0,0,0,0,0,0,0,0,0,0,0,0,0,0,0,0,0,0,0,0,0,0,0,0,0,0,0,0,0,0,0,0,0,0,0,0,0,0,0,0,0,0,0,0,0,0,0,0,0,0,0,0,0,0,0,0,0,93,69,0,0,0,51,87,0,0,0,371,135,0,0,0,0,357,57,0,0,0,26,155,5,0,191,26,11,14,0,0,0,13,0,0,0,0,0,0,138,864,15,0,314,36,0,0,559,415,854,625,411,7,22,220,92,0,0,300,281,80,11,8,0,19,273,169,0,0,385,444,0,0,0,0,65
FeatureID238,0,0,0,0,0,0,0,0,0,0,0,0,0,0,0,0,0,0,0,0,0,0,0,0,0,0,0,0,0,0,0,0,0,0,0,0,0,0,0,0,0,0,0,0,0,0,0,0,0,0,0,0,0,0,0,0,0,0,0,0,0,0,0,0,0,0,0,0,0,0,0,0,0,0,4,0,0,0,0,0,0,0,0,0,0,0,0,0,0,0,0,0,0,0,0,0,0,0,0,0,0,0,0,0,0,0,0,0,0,0,0,0,0,0,0,0,0,0,0,0,0,0,196,393,318,479,344,415,0,212,60,0,0,0,0,0,0,15,80,261,156,0,0,0,0,0,0,0,0,0,0,42,0,0,8,0,0,0,0,54,0,0,0,0,0,18,0,9,0,0,0,0,0,0,0,175,135,311,214,0,0,0,0,0,0,0,0,0,0,0,0,0,0,0,0,0,0,0,0,0,0,0,0,0,0,163,40,365,0,0,0,0,0,0,0,0,12,135,61,0,0,0,0,0,0,0,0,0,0,61,0,0,0,0,0,0,45,9,0
FeatureID239,234,240,146,0,0,10,0,10,0,0,247,82,73,164,196,70,0,370,0,0,0,0,35,123,41,0,0,0,123,0,74,0,16,0,0,0,0,0,0,0,170,138,123,54,250,0,0,17,377,26,0,283,690,569,1419,0,0,0,0,25,14,0,27,19,31,40,328,54,791,310,1084,322,685,320,343,1065,893,127,0,67,270,3118,1001,1382,1069,139,1214,912,1177,1046,14,1069,1331,2139,1879,2560,620,205,1775,2219,722,1650,1258,0,209,24,9,57,139,12,92,0,681,28,124,1557,178,187,1203,0,0,0,0,0,0,0,0,0,0,0,0,0,0,0,0,0,0,0,0,0,0,0,0,0,0,0,0,0,0,0,0,0,0,0,0,0,0,0,0,0,0,0,0,0,0,0,0,0,0,0,0,0,0,0,0,0,0,0,0,0,0,0,0,0,0,0,0,0,0,0,0,0,0,0,0,0,0,0,0,0,0,0,0,0,0,0,0,0,0,0,0,0,0,0,0,0,0,0,0,0,0,0,0,0,0,0,0,0,0,0,0,0,0,0,0,0,0,0,0
FeatureID240,0,0,0,0,0,0,0,0,8,0,0,0,69,16,0,0,0,0,0,0,0,0,8,0,22,0,11,0,0,0,0,0,19,11,11,0,20,15,0,0,0,0,8,27,0,0,33,0,0,0,30,0,0,0,8,19,9,19,0,0,0,0,0,0,0,7,0,0,19,0,0,0,0,0,0,0,0,0,0,0,0,11,21,0,0,0,0,0,0,8,0,0,0,0,0,9,0,0,6,0,0,26,6,8,0,30,0,13,0,11,0,0,0,0,0,0,0,0,0,0,0,0,0,0,0,0,0,0,0,0,0,0,0,0,0,0,0,0,0,0,0,63,18,0,0,16,18,0,37,0,0,22,33,21,17,30,0,0,0,0,0,12,0,10,15,16,15,17,26,0,18,11,0,12,0,57,20,24,0,29,0,0,0,0,22,60,31,39,43,27,11,0,0,0,0,70,0,0,10,0,0,0,0,0,48,14,56,0,47,82,25,0,0,0,0,0,0,0,32,23,0,0,28,0,0,0,16,0,18,19,38,0,0,0,0,40,19,19,0
FeatureID241,0,0,0,0,0,0,8,127,383,0,225,200,137,397,90,296,68,0,0,0,0,0,15,101,192,192,285,1417,0,14,199,0,317,213,455,197,261,158,83,0,0,0,0,67,0,0,18,0,14,0,502,0,0,0,0,18,7,448,4,51,75,59,0,0,0,10,0,0,0,0,0,0,0,0,0,0,0,0,0,0,0,0,0,0,0,0,0,0,0,0,51,0,0,0,60,430,28,43,291,0,0,0,0,21,35,126,113,44,66,51,0,0,0,102,0,0,0,0,0,0,0,0,30,19,0,0,6,8,0,0,0,0,0,32,57,0,0,0,0,0,0,0,0,0,0,0,0,0,0,0,0,0,0,0,0,0,0,0,0,0,0,0,0,8,47,7,8,9,0,10,9,0,0,257,0,0,0,0,0,0,0,0,0,0,0,0,0,0,18,22,4,0,0,0,0,30,7,10,0,8,0,0,0,0,35,0,38,0,0,0,0,0,113,15,11,0,9,93,18,0,0,0,10,4,0,0,0,11,125,70,0,0,0,0,0,0,0,0,0
FeatureID242,0,0,0,0,0,0,0,0,0,0,0,0,0,0,0,0,0,0,0,0,0,0,0,0,0,0,0,0,0,0,0,0,0,0,0,0,0,0,0,0,0,0,0,0,0,0,0,0,0,0,0,0,0,0,0,0,0,0,0,0,0,0,0,0,0,0,0,0,0,0,0,0,0,0,0,0,0,0,0,0,0,0,0,0,0,0,0,0,0,0,0,0,0,0,0,0,0,0,0,0,0,0,0,0,0,0,0,0,0,0,0,0,0,0,0,0,0,0,0,0,0,0,0,0,0,0,0,0,0,0,0,0,58,243,478,229,0,0,0,0,0,0,0,0,0,0,0,0,0,0,0,0,0,0,0,0,0,0,0,0,0,0,0,0,0,0,0,0,0,0,0,0,0,0,0,0,0,0,0,0,0,0,0,0,0,0,0,0,0,0,0,0,0,0,0,0,0,0,0,0,0,0,0,0,0,0,0,70,0,0,0,0,0,0,0,0,0,172,226,0,0,0,0,0,0,0,0,0,0,233,0,0,0,0,0,0,0,0,0
FeatureID243,26,12,26,11,16,14,0,0,0,111,62,49,150,75,20,8,0,100,61,0,27,51,61,354,191,72,65,156,184,33,49,1328,745,228,116,82,97,74,11,819,96,262,275,472,15,28,619,39,543,67,565,0,0,0,0,683,219,1187,16,153,308,260,12,13,71,567,111,9,92,27,0,0,56,7,0,92,51,189,0,19,0,280,141,70,138,28,88,49,68,78,95,197,175,256,585,2169,248,408,404,240,25,433,318,178,124,1141,299,535,48,364,79,38,154,278,369,162,101,139,102,0,0,0,0,0,0,0,0,0,0,0,0,0,0,0,0,0,0,0,0,0,0,0,0,0,0,0,0,0,0,0,0,0,0,0,0,0,0,0,0,0,0,0,0,0,0,0,0,0,0,0,0,0,0,59,0,0,0,0,0,0,0,0,0,0,0,0,0,0,0,0,0,0,0,0,0,0,0,0,0,0,0,0,0,26,0,14,40,0,62,68,0,0,27,20,0,0,0,0,0,0,0,0,46,0,0,0,0,0,0,0,0,0,0,0,0,0,0,0,0
FeatureID244,35,38,0,176,133,30,23,56,12,37,16,0,25,41,135,23,12,0,105,0,54,104,189,0,44,78,61,76,43,13,96,0,18,0,13,10,75,63,43,0,63,28,86,139,0,0,43,0,34,33,32,0,0,0,0,22,0,0,0,0,59,57,45,57,120,26,278,78,29,140,58,31,86,49,32,49,207,0,0,15,26,108,99,30,122,92,45,0,67,146,179,108,11,17,42,82,227,15,10,87,0,15,105,13,0,0,15,9,28,125,32,16,41,57,53,17,33,41,32,0,0,0,0,0,0,0,0,0,0,0,0,0,0,0,8,0,0,0,0,0,0,0,0,0,0,0,0,0,0,0,0,0,0,0,0,0,0,0,0,0,0,0,0,0,0,0,0,0,0,0,0,0,0,56,0,0,0,0,0,0,0,0,0,0,0,0,0,0,0,0,0,0,0,0,0,0,0,0,0,0,0,0,0,0,0,0,0,0,0,0,0,0,0,0,0,0,0,0,0,0,0,0,0,0,0,0,0,0,0,0,0,0,0,0,0,0,0,0,0
FeatureID245,0,0,0,0,0,0,127,203,224,57,169,50,9,166,60,142,55,0,0,0,0,33,0,34,8,49,128,89,34,0,18,87,68,68,151,82,151,161,60,10,0,0,23,29,0,0,0,0,0,0,43,0,0,0,0,35,49,24,0,20,148,155,0,50,52,25,0,0,0,0,0,0,0,0,0,0,0,0,0,0,0,0,0,0,0,0,0,0,0,15,70,0,0,0,0,8,0,9,23,0,0,0,0,19,0,16,16,10,18,0,53,26,14,49,0,35,0,84,25,100,377,13,237,0,0,102,517,52,391,0,0,93,19,44,25,0,0,0,0,48,0,0,0,0,0,0,0,0,0,0,0,0,0,0,0,0,0,0,0,0,0,0,0,118,403,957,1531,2537,3352,1652,0,0,214,205,157,70,178,17,0,1510,2377,0,0,47,1425,692,151,1423,4878,1772,0,0,0,0,377,24,0,0,0,0,0,52,0,0,0,0,73,0,0,0,0,163,76,26,10,0,339,901,0,0,31,422,12,654,0,0,0,0,666,551,0,0,188,239,150,71,228,25,166
FeatureID246,43,92,10,246,221,10,5,42,0,18,232,33,72,36,350,67,145,28,67,0,112,317,330,41,57,147,120,17,151,10,220,23,27,20,30,123,161,98,183,85,82,129,213,104,12,0,171,11,244,191,8,81,0,62,35,7,29,15,29,32,260,151,0,115,348,6,325,963,260,99,20,165,165,154,30,56,482,25,0,17,153,78,180,19,0,8,27,0,40,51,445,37,0,145,8,8,820,12,5,67,0,32,30,27,15,23,25,7,77,93,4,8,102,110,64,96,89,45,52,17,0,0,0,0,0,0,0,0,9,10,0,0,16,5,8,0,0,15,28,0,3,8,0,0,0,0,0,0,0,0,0,0,0,0,0,0,0,0,0,0,0,0,6,0,0,0,0,0,0,0,0,0,0,81,0,0,0,0,0,0,0,7,6,23,0,0,0,0,0,0,0,0,0,0,0,0,0,7,5,5,12,0,0,17,0,0,8,0,0,0,34,6,0,8,0,5,0,0,6,0,0,6,0,0,0,11,0,0,0,0,0,0,14,0,0,0,6,8,0
FeatureID247,0,0,0,0,0,0,0,0,0,0,0,0,0,0,0,0,0,0,0,0,0,0,0,0,0,0,0,0,0,0,0,0,0,0,0,0,0,0,0,0,0,0,0,0,0,0,0,0,0,0,0,0,0,0,0,0,0,0,0,0,0,0,0,0,0,0,0,0,0,0,0,0,0,0,0,0,0,0,0,0,0,0,0,0,0,0,0,0,0,0,0,0,0,0,0,0,0,0,0,0,0,0,0,0,0,0,0,0,0,0,0,0,0,0,0,0,0,0,0,0,424,349,0,0,0,328,765,1126,390,868,1179,717,312,457,808,285,17,237,94,147,79,252,143,97,0,35,0,53,48,38,27,148,122,0,11,22,85,0,0,63,0,51,21,0,117,57,21,149,87,36,0,196,63,0,185,234,39,232,338,425,107,23,0,0,19,0,0,69,160,237,49,192,0,0,27,0,0,0,82,81,144,134,22,191,0,6,98,0,20,93,82,301,171,140,0,0,49,42,25,0,52,0,256,236,96,33,0,21,114,89,11,24,15,322,0,44,524,154,105
FeatureID248,9,0,0,0,0,11,0,43,11,0,12,0,0,23,9,9,6,24,0,0,0,0,0,0,18,14,48,0,0,0,9,28,22,12,8,11,23,27,0,15,0,0,0,17,0,0,28,0,63,0,38,13,0,19,52,40,0,16,0,25,33,36,31,7,14,58,49,0,8,45,9,0,29,15,0,12,16,11,0,0,0,28,49,0,6,8,0,6,8,36,0,24,0,0,0,0,0,0,16,14,0,17,27,0,0,9,0,14,0,43,15,8,21,0,8,22,0,10,0,0,0,0,0,0,0,0,0,0,0,0,0,0,0,0,0,0,0,0,0,0,0,0,0,0,0,0,0,0,0,0,6,0,0,0,0,0,0,0,0,0,7,0,0,0,0,0,0,0,0,0,0,0,0,35,0,0,0,0,0,0,0,0,5,0,0,0,0,12,10,0,0,0,0,0,0,0,0,0,0,0,0,0,0,15,0,0,41,0,9,0,0,0,21,8,0,0,0,0,57,0,0,0,0,13,0,0,0,0,0,16,0,0,0,0,14,0,0,0,0
FeatureID249,0,0,0,0,0,0,0,0,0,0,0,0,0,0,0,0,0,0,0,0,0,0,0,0,0,0,0,0,0,0,0,0,0,0,0,0,0,0,0,0,0,0,0,0,0,0,67,0,13,0,0,0,0,0,7,15,0,79,0,0,0,0,0,0,0,0,0,0,8,0,0,0,0,0,0,0,0,0,0,0,0,0,0,0,0,0,0,0,0,0,0,0,0,0,0,0,0,0,0,0,0,0,0,0,0,0,0,0,0,13,0,0,0,0,0,0,0,0,0,92,31,199,37,42,57,18,37,88,0,33,62,62,52,69,160,219,0,36,95,51,32,28,31,19,42,19,0,19,64,0,0,64,144,70,55,132,40,49,43,0,36,10,13,8,24,11,9,104,29,0,0,0,0,0,9,25,36,70,32,25,60,15,73,0,11,17,0,8,54,29,0,16,0,0,0,17,0,0,22,29,51,51,6,45,193,57,660,106,0,0,18,16,0,35,39,49,49,65,198,19,18,13,0,22,19,70,16,23,83,97,0,24,31,12,0,0,0,0,18
FeatureID250,0,0,0,0,0,0,0,0,0,0,0,0,0,0,0,0,0,0,0,0,0,0,0,0,0,0,0,0,0,0,0,0,0,0,0,0,0,0,0,0,0,0,0,0,0,0,0,0,0,0,0,0,0,0,0,0,0,0,0,0,0,0,0,9,0,0,0,0,0,0,0,0,0,0,6,0,0,0,0,0,0,0,0,0,0,0,0,0,0,0,0,0,0,0,0,0,0,0,0,0,0,0,0,0,0,0,0,0,0,0,0,0,0,0,0,0,0,0,0,0,118,71,159,15,0,258,219,151,69,56,104,174,79,161,236,121,0,77,43,25,56,0,0,0,0,0,0,0,0,0,0,0,0,0,0,0,0,0,0,0,0,0,0,185,250,0,0,0,0,0,244,176,77,213,375,110,55,0,0,0,0,0,0,145,20,300,215,175,14,0,0,0,117,0,0,373,69,47,41,17,19,0,0,0,0,0,0,0,0,0,0,0,143,129,75,6,87,142,583,0,0,0,0,0,0,0,0,0,50,69,0,0,0,0,0,0,0,0,0
FeatureID251,0,0,0,0,0,0,0,0,0,0,0,0,0,0,0,0,0,0,0,0,0,0,0,0,0,0,0,0,0,0,0,0,0,0,0,0,0,0,0,0,0,0,0,0,0,0,0,0,0,0,0,0,19,0,0,0,0,0,0,0,0,0,0,0,0,0,0,0,0,0,0,0,0,0,0,0,0,0,0,0,0,0,0,0,0,0,0,0,0,0,0,0,0,0,0,0,0,0,0,0,0,0,0,0,0,0,0,0,0,0,0,0,0,0,0,0,0,0,0,200,20,11,65,159,0,0,47,64,0,19,92,84,41,44,78,77,12,85,16,114,14,8,9,0,0,0,0,17,14,0,0,0,27,26,0,70,75,70,0,0,0,10,7,0,13,90,35,59,56,0,9,0,0,0,0,0,6,77,11,104,71,0,0,0,19,0,24,53,131,66,11,31,0,0,0,0,0,0,0,0,0,295,12,25,73,15,255,19,34,153,138,34,55,65,38,44,48,14,268,163,194,68,154,154,79,179,58,196,160,166,48,168,150,63,14,69,79,81,49
FeatureID252,0,0,0,0,0,0,0,0,0,0,0,0,0,0,0,0,0,0,0,0,0,0,0,0,0,0,0,0,0,0,0,0,0,0,0,0,0,0,0,0,0,0,0,0,0,0,0,0,0,0,0,0,0,0,0,0,0,0,0,0,0,0,0,0,0,0,0,0,0,0,0,0,0,0,0,0,0,0,0,0,0,190,29,47,30,50,5,15,90,202,0,160,19,0,0,9,21,18,71,308,38,107,165,0,0,0,0,0,0,0,127,7,99,0,174,86,99,78,43,0,0,0,0,0,0,0,0,0,0,0,0,0,0,0,0,0,0,0,0,0,0,0,0,0,0,0,0,0,0,0,0,0,0,0,0,0,0,0,0,0,0,0,0,0,0,0,0,0,0,0,0,0,0,0,0,0,0,0,0,0,0,0,0,0,0,0,0,0,0,0,0,0,0,0,0,0,0,0,0,0,0,0,0,0,0,0,0,0,0,0,0,0,0,0,0,0,0,0,0,0,0,0,0,0,0,0,0,0,0,0,0,0,0,0,0,0,0,0,0
FeatureID253,0,0,0,0,0,0,0,0,0,0,0,0,0,0,0,0,0,0,0,0,0,0,0,0,0,0,0,0,0,0,0,0,0,0,0,0,0,0,0,0,0,0,0,0,0,0,0,0,0,0,0,0,0,0,0,0,0,0,0,0,0,0,0,0,0,0,0,0,0,0,0,0,0,0,0,0,0,0,0,0,0,0,0,0,0,0,0,0,0,0,0,0,0,0,0,0,0,0,0,0,0,0,0,0,0,0,0,0,0,0,0,0,0,0,0,0,0,0,0,0,19,0,0,10,251,17,14,31,34,278,272,211,102,76,109,16,13,185,170,498,0,0,15,0,0,0,0,0,0,0,0,19,0,0,0,0,0,20,24,80,23,0,0,0,118,25,14,44,113,29,9,358,16,15,55,81,0,0,0,10,97,518,0,0,0,0,146,163,21,0,12,86,83,327,371,315,91,409,546,198,88,155,17,208,28,0,136,0,140,48,139,547,118,64,120,36,225,47,0,64,121,35,219,302,41,70,18,223,62,198,83,74,204,359,60,0,220,188,144
FeatureID254,0,12,0,17,12,13,64,50,22,138,16,9,21,0,98,41,15,10,46,0,21,83,20,37,70,23,38,112,23,8,50,20,83,44,70,20,28,31,0,20,12,18,53,79,14,0,52,0,25,20,51,8,0,0,42,34,19,109,0,29,49,46,19,35,54,68,49,18,32,24,15,0,27,19,0,32,44,17,0,8,21,27,23,14,0,0,0,0,0,20,36,13,11,0,77,195,78,64,103,12,0,22,79,22,0,90,44,30,15,52,17,24,16,44,0,0,0,0,32,0,16,16,0,20,22,21,12,22,0,13,11,19,8,0,21,10,0,17,14,18,15,33,26,12,14,0,0,0,21,0,0,0,0,0,0,0,0,0,0,0,28,40,16,0,15,0,11,11,0,5,0,0,0,34,0,0,0,0,0,0,16,0,0,0,0,0,0,0,18,31,0,0,0,0,0,0,7,0,0,0,16,0,0,0,15,0,19,0,0,12,17,0,30,12,0,0,0,0,14,0,0,0,0,0,0,0,0,13,21,18,0,13,9,0,0,0,15,0,0
FeatureID255,0,0,0,0,0,0,0,0,0,0,0,0,0,0,0,0,0,0,0,0,0,0,0,0,0,0,0,0,0,0,0,0,0,0,0,0,0,0,0,0,0,0,0,0,0,0,0,0,0,0,0,0,0,0,0,0,0,0,0,0,0,0,0,0,0,0,0,0,0,0,0,0,0,0,0,0,0,0,0,0,0,0,0,0,0,0,0,0,0,0,0,0,0,0,0,0,0,0,0,0,0,0,0,0,0,0,0,0,0,0,0,0,0,0,0,0,0,0,0,74,311,225,28,23,0,299,545,420,0,109,40,0,31,0,0,33,0,0,0,0,88,0,0,0,0,0,0,0,0,0,0,77,172,34,19,66,75,0,13,96,0,0,0,0,0,0,0,0,0,0,0,0,0,0,0,0,0,0,0,0,0,0,232,0,0,0,0,0,0,0,0,0,0,0,0,0,0,0,0,60,0,0,0,0,0,0,0,0,0,0,0,0,0,0,0,0,0,0,0,0,0,0,0,0,0,0,0,0,0,0,0,0,0,0,0,0,97,0,0
FeatureID256,0,0,0,0,0,0,0,0,0,0,0,0,0,0,0,0,0,0,0,0,0,0,0,0,0,0,0,0,0,0,0,0,0,0,0,0,0,0,0,0,0,0,0,0,0,0,0,0,0,0,0,0,63,0,0,0,0,0,0,0,0,0,0,0,0,0,0,0,0,0,0,0,0,0,0,0,0,0,0,0,0,0,0,0,0,0,0,0,0,0,0,0,0,0,0,0,0,0,0,0,0,0,0,0,0,0,0,0,0,0,0,0,0,0,0,0,0,0,0,1284,0,87,135,899,103,0,24,103,251,74,48,60,0,83,57,64,53,369,354,354,25,0,28,14,0,346,519,0,0,0,0,9,11,8,12,94,40,141,156,214,604,641,0,0,16,67,0,25,0,14,527,0,0,0,0,0,24,61,0,0,15,70,0,0,0,0,0,0,0,31,11,22,43,0,287,173,99,43,27,186,0,279,73,378,40,9,0,41,12,0,0,0,48,23,34,11,0,0,0,165,0,0,52,18,55,0,0,8,0,38,0,18,0,0,36,0,33,62,0
FeatureID257,0,0,0,0,0,0,0,0,0,0,0,0,0,0,0,0,0,0,0,0,0,0,0,0,0,0,0,0,0,0,0,0,0,0,0,0,0,0,0,0,0,0,0,0,0,0,0,0,0,0,0,0,0,0,0,0,0,0,0,0,0,0,0,0,0,0,0,0,0,0,0,0,0,0,0,0,0,0,0,0,0,0,0,0,0,0,0,0,0,0,0,0,0,0,0,0,0,0,0,0,0,0,0,0,0,0,0,0,0,0,0,0,0,0,0,0,0,0,0,0,64,0,24,15,0,13,0,28,0,145,51,195,77,125,182,26,0,0,0,0,26,60,0,0,64,346,160,69,37,53,27,82,67,10,57,36,0,0,0,17,51,238,37,0,0,0,0,0,0,0,0,0,0,0,0,0,0,0,0,0,0,0,0,0,0,0,0,0,0,0,0,0,0,0,0,0,0,0,0,0,0,0,0,0,0,15,45,0,0,0,0,0,0,0,0,0,0,7,22,0,0,0,0,0,0,0,17,61,50,25,0,0,0,0,0,0,0,0,0
FeatureID258,0,0,0,0,0,0,0,0,0,0,0,0,0,0,0,9,0,12,0,0,0,20,27,30,0,32,24,0,6,0,19,0,18,0,14,20,23,11,0,0,0,0,19,35,3,0,89,0,30,10,31,0,0,0,16,13,0,10,0,15,25,26,14,19,9,0,64,14,25,9,19,10,37,42,0,12,39,0,0,14,11,88,136,18,0,0,0,0,0,59,8,34,0,0,0,24,11,11,49,14,0,0,43,12,10,30,19,0,17,53,9,7,27,0,13,31,4,17,14,0,0,0,0,0,0,0,0,0,0,0,0,0,0,0,0,0,0,0,0,0,0,0,14,0,0,0,0,0,12,0,11,0,0,0,0,0,0,0,0,0,0,0,0,0,17,0,9,16,8,0,44,14,0,18,0,21,0,14,0,0,8,32,26,0,7,12,0,9,21,22,0,0,14,36,12,13,0,25,14,23,25,0,0,15,20,0,35,0,24,0,0,0,0,9,0,0,8,0,0,16,16,0,0,0,0,0,15,9,0,9,0,0,0,10,0,0,0,0,0
FeatureID259,0,10,0,6,45,18,0,8,22,9,37,11,12,21,11,0,0,0,23,0,8,34,0,0,0,0,0,29,0,0,0,0,35,0,0,0,0,10,0,0,0,0,0,0,8,0,17,0,43,0,20,7,0,0,51,33,0,17,0,8,17,27,19,14,23,21,33,0,25,0,0,0,24,23,9,0,0,14,0,0,0,15,0,0,0,0,9,0,0,15,0,0,0,0,0,0,0,0,0,12,0,15,8,0,0,29,0,11,0,24,9,0,0,0,50,28,0,20,10,0,0,0,0,0,0,0,0,0,0,0,0,0,0,0,0,0,0,0,0,0,0,0,0,0,0,0,10,0,10,0,0,18,14,0,0,9,0,0,0,0,14,14,0,0,0,0,0,0,0,0,19,0,0,0,0,0,0,0,0,0,0,0,0,0,0,0,0,0,0,0,0,0,0,0,0,0,0,0,0,12,0,0,0,0,0,0,0,0,55,0,0,0,0,0,0,20,0,0,23,0,0,11,0,0,0,0,0,0,0,14,0,0,0,0,0,0,0,0,0
FeatureID260,0,0,0,0,0,0,0,0,0,0,0,0,0,0,0,0,0,0,0,0,0,0,0,0,0,0,0,0,0,0,0,29,0,0,0,0,0,0,0,0,0,0,0,0,0,0,0,0,0,0,0,0,0,0,0,0,0,0,0,0,0,0,0,0,0,0,0,0,0,0,0,0,0,0,0,0,0,0,0,0,0,0,0,0,0,0,0,0,0,0,0,0,0,0,0,0,0,0,0,0,0,0,0,0,0,0,0,0,0,0,0,0,0,0,0,0,0,0,0,0,0,0,0,0,481,0,0,0,0,51,118,69,0,25,0,0,0,0,27,0,0,17,46,10,23,0,0,0,28,17,199,17,41,0,19,0,25,0,91,0,0,0,9,0,0,589,464,146,0,79,358,1739,107,0,0,0,0,0,0,0,0,35,304,0,39,27,0,0,0,325,61,0,45,7,85,76,553,328,187,263,745,0,0,0,0,0,0,0,0,0,0,0,0,0,0,0,0,0,0,0,0,0,0,0,0,0,0,0,0,0,0,0,0,0,0,0,0,0,0
FeatureID261,0,0,0,0,0,0,0,0,0,0,0,0,0,0,0,0,12,0,0,0,0,0,0,0,0,0,0,0,0,0,0,0,0,0,0,0,0,0,19,0,0,0,0,0,0,0,0,0,0,0,0,0,0,0,0,0,0,0,0,0,0,0,0,0,0,0,0,0,0,0,0,0,0,0,0,0,0,0,0,0,0,0,0,0,0,0,0,0,0,0,0,0,0,0,0,0,0,0,0,0,0,0,0,0,0,0,0,0,0,0,0,0,0,0,0,0,0,0,0,0,0,0,0,0,0,0,0,0,0,0,0,0,11,0,28,0,0,0,0,0,0,32,0,0,38,26,0,38,0,0,0,0,0,0,0,14,0,0,0,0,0,70,17,0,0,0,0,0,0,0,0,0,0,0,0,0,0,0,0,0,0,0,0,0,0,0,0,0,0,0,0,0,0,0,0,0,0,0,0,0,0,0,26,63,0,0,0,0,0,65,26,86,30,102,45,40,96,0,0,75,34,34,16,40,58,22,19,95,66,0,36,19,63,17,0,0,0,40,50
FeatureID262,65,92,80,73,63,27,70,95,0,68,74,24,19,29,50,12,65,20,75,0,45,73,12,30,90,12,10,39,29,20,23,25,0,9,7,8,11,15,20,31,65,23,22,27,6,0,0,0,0,0,0,8,0,4,11,8,0,6,0,0,18,28,36,23,8,82,27,11,7,7,9,10,7,13,38,31,27,7,0,9,44,12,0,0,0,0,0,0,26,8,19,0,9,0,5,0,0,12,0,0,9,12,6,57,0,4,17,13,13,0,29,42,26,26,9,56,17,16,8,0,0,0,24,12,7,0,0,0,8,0,0,0,8,5,8,0,16,13,6,0,8,23,10,13,53,14,0,0,0,0,5,0,11,7,7,0,0,15,27,15,21,15,16,37,14,16,8,7,9,15,12,24,5,35,32,26,47,14,0,8,23,13,0,27,26,44,30,27,0,0,9,0,25,17,40,28,12,12,15,19,16,28,22,29,8,12,15,7,0,13,14,27,17,37,17,13,22,18,8,16,7,15,8,40,23,7,7,16,30,10,25,0,25,28,7,14,7,15,11
FeatureID263,0,0,0,4,40,5,180,153,27,18,0,19,31,38,113,27,28,52,35,0,7,68,97,10,49,37,0,41,41,0,45,7,13,22,0,0,17,0,0,42,49,86,36,57,236,41,57,132,89,53,0,81,59,194,93,283,49,83,51,86,80,38,28,260,237,245,122,199,61,203,231,158,79,39,21,3,81,0,0,33,46,11,216,11,246,42,22,30,181,50,10,63,25,45,13,21,14,0,0,28,87,34,0,15,10,0,0,14,0,98,11,0,53,4,0,222,70,149,110,3,0,0,3,0,0,4,0,0,0,0,0,0,0,0,0,0,9,0,0,0,0,44,11,54,117,65,0,24,4,0,0,24,27,13,14,16,20,4,82,44,62,72,46,0,0,0,0,0,0,178,0,0,0,4,5,0,4,0,8,3,172,0,0,0,0,7,5,9,0,0,19,243,8,0,7,0,0,30,17,4,0,89,111,120,56,89,21,13,102,44,31,117,28,24,42,0,29,0,9,48,0,27,17,56,211,44,16,13,10,6,72,11,87,14,3,30,108,19,43
FeatureID264,0,14,0,0,23,12,82,103,13,35,30,16,17,31,46,16,13,8,19,0,13,48,25,32,25,23,36,43,15,22,55,45,90,33,56,26,24,16,13,15,8,10,25,31,8,0,28,0,12,0,39,0,11,16,61,30,0,24,0,23,18,34,13,25,22,32,39,14,0,12,0,5,25,15,0,10,22,10,0,0,11,30,0,0,19,0,18,10,0,69,33,0,0,0,0,109,70,38,63,16,0,18,21,16,0,20,7,21,9,32,0,0,66,37,17,0,0,0,17,0,27,41,0,16,0,24,11,43,14,15,0,0,0,0,0,5,8,15,15,18,0,36,19,0,13,27,14,0,66,14,6,67,53,28,28,21,15,9,0,17,20,23,17,0,19,14,0,0,0,0,37,15,0,30,22,55,9,0,15,10,24,25,37,21,14,26,0,20,29,18,0,0,17,34,22,0,12,12,19,14,37,5,0,0,16,0,55,33,0,11,16,10,16,14,27,17,32,20,37,0,0,0,13,21,0,0,0,40,40,32,0,0,20,10,0,0,9,11,0
FeatureID265,0,0,0,181,199,32,64,11,77,57,0,0,17,24,28,16,0,15,230,0,27,122,121,226,216,245,204,150,105,33,178,33,224,50,98,62,131,149,38,70,139,115,44,163,0,10,23,0,0,0,127,0,0,0,11,72,116,41,8,27,20,15,174,75,143,254,53,0,36,0,17,5,23,89,28,25,27,64,0,52,112,82,77,24,38,12,0,22,19,88,154,14,0,0,17,18,50,53,0,11,0,0,0,80,20,167,78,93,31,12,19,35,67,55,95,18,10,30,75,75,23,44,232,98,71,75,83,193,52,97,142,42,23,27,94,73,0,46,78,267,513,62,71,46,98,20,0,53,32,18,0,0,0,0,0,0,0,8,0,44,13,57,47,0,0,0,7,0,0,0,0,0,0,114,0,0,0,0,0,0,0,8,0,12,16,0,0,0,0,0,0,0,0,0,0,0,0,0,11,0,0,0,0,0,0,0,0,0,0,0,0,0,0,0,0,0,73,0,0,0,6,0,0,0,11,14,0,0,0,0,0,0,0,0,0,0,11,22,0
FeatureID266,0,0,0,0,0,0,0,64,127,169,42,34,0,114,45,71,43,0,109,0,56,59,0,0,0,0,0,30,0,26,0,0,55,0,0,24,93,35,0,0,0,0,0,0,22,7,153,7,66,14,0,13,23,31,77,113,48,166,20,133,110,307,24,29,60,186,111,36,221,53,39,22,80,0,14,32,14,0,0,0,0,0,0,21,101,0,0,0,0,42,79,0,0,42,351,0,0,0,0,0,0,0,0,46,13,230,58,0,0,117,0,0,38,0,0,0,0,0,53,46,52,36,0,0,24,55,17,23,40,22,0,0,0,0,0,0,26,23,32,0,0,28,0,0,0,0,0,0,0,0,47,0,0,20,0,0,0,18,111,0,33,0,15,0,18,62,39,45,18,24,252,13,0,28,0,0,8,25,44,0,0,169,146,0,0,60,0,0,0,55,0,9,87,24,21,37,99,181,216,140,83,0,0,0,0,0,0,0,0,0,0,0,0,0,0,0,0,0,0,0,0,0,0,0,0,0,0,0,0,0,0,0,0,0,0,0,23,0,0
FeatureID267,0,38,0,0,52,0,39,0,36,0,0,0,0,0,26,0,0,60,0,0,0,39,52,18,16,42,30,64,0,0,32,0,0,0,19,0,0,25,0,0,0,0,0,29,0,0,0,0,0,0,30,0,0,0,0,0,0,0,0,0,0,0,0,0,0,0,0,0,0,0,0,0,0,106,0,0,20,52,0,52,38,100,77,0,0,0,0,8,25,54,0,45,0,0,0,26,47,25,60,16,0,34,89,0,0,0,0,0,9,0,125,47,0,15,36,39,33,31,0,0,0,0,0,0,0,0,0,0,0,0,0,0,0,0,0,0,0,0,0,0,0,0,12,0,0,21,15,0,22,0,0,0,23,0,0,24,13,0,0,0,0,41,0,0,0,0,0,0,0,0,0,0,0,13,0,0,0,0,0,0,0,0,0,0,16,0,29,25,37,0,0,0,0,0,0,0,0,0,0,0,0,0,0,0,13,0,20,0,0,0,0,0,0,0,0,0,0,0,0,0,0,0,0,0,0,0,0,0,0,0,0,0,0,0,0,17,0,0,0
FeatureID268,20,0,0,18,44,72,0,0,40,0,0,0,55,32,90,0,0,19,0,0,0,45,117,169,36,0,0,43,161,0,380,70,62,25,133,0,0,0,20,510,213,205,312,273,0,0,0,0,0,0,0,0,0,0,0,0,0,0,0,0,0,0,0,0,0,0,0,0,0,0,0,0,0,35,0,0,0,21,0,0,0,0,0,0,0,0,0,0,0,0,0,0,0,0,0,0,0,0,0,0,0,0,0,0,0,0,0,0,0,0,0,0,0,338,0,0,0,0,0,0,0,0,8,0,0,0,0,0,0,0,20,35,22,25,29,0,0,0,0,0,0,0,37,24,0,15,0,43,96,57,0,57,28,0,36,13,28,0,0,23,0,0,0,0,0,0,0,0,0,0,0,0,0,0,0,0,0,0,0,49,0,0,0,0,0,0,15,28,18,0,0,0,0,0,0,0,0,0,0,0,0,0,0,20,0,0,30,19,41,37,55,31,33,0,0,0,21,0,0,53,11,0,34,0,0,0,17,27,24,15,18,19,40,20,0,0,0,37,0
FeatureID269,105,181,52,157,379,157,353,402,558,67,459,55,127,154,465,261,169,164,288,15,147,219,360,329,423,220,317,340,247,145,397,749,282,234,283,97,204,197,52,417,118,166,384,307,35,28,233,17,136,65,118,73,34,104,112,268,80,119,39,87,413,367,357,380,375,551,262,135,113,145,146,67,255,205,78,301,314,653,0,162,224,467,549,283,225,54,80,108,142,232,316,301,104,93,258,517,357,236,759,269,16,331,830,99,37,117,76,164,404,254,398,244,551,250,913,328,182,123,246,0,70,32,34,76,67,85,72,135,102,47,27,30,0,0,32,18,40,53,67,72,19,39,44,0,0,0,0,34,90,17,117,22,43,20,31,51,78,0,61,28,74,44,28,0,85,110,0,45,0,14,56,31,23,213,0,187,0,22,23,75,33,53,47,40,84,27,27,44,132,122,13,19,16,54,102,159,51,65,47,73,61,39,16,57,54,0,169,0,51,55,93,38,32,28,22,29,23,0,75,56,28,0,13,41,30,45,29,74,143,143,52,30,30,0,205,47,31,26,0
FeatureID270,32,67,36,83,181,10,29,29,37,66,36,0,38,16,84,54,20,22,98,0,47,54,59,18,47,25,66,44,26,34,61,120,0,0,13,14,37,28,21,54,17,16,19,15,0,0,20,0,14,0,0,11,0,0,21,33,34,19,0,0,32,0,14,14,112,34,24,45,13,19,0,0,14,88,33,19,58,26,0,27,52,109,175,0,13,0,25,0,33,91,84,22,0,0,0,0,173,30,20,20,0,19,104,0,0,0,0,0,40,0,22,10,69,24,168,70,0,52,25,0,40,0,0,0,20,19,26,19,0,0,0,0,0,0,0,0,0,0,14,31,0,19,35,0,0,0,13,21,0,0,29,12,31,0,0,0,0,0,13,0,14,21,0,0,0,0,0,27,0,0,52,0,0,49,26,77,0,33,0,0,0,0,16,0,73,0,13,0,18,36,0,0,23,0,0,29,9,18,0,0,0,29,8,0,0,0,116,0,0,0,0,0,28,0,0,0,15,0,0,0,30,0,30,62,0,0,0,0,16,39,0,0,40,0,0,0,15,0,0
FeatureID271,0,0,0,0,0,0,0,0,0,14,0,0,0,0,0,0,0,0,0,0,0,0,0,0,0,0,0,0,0,0,48,22,0,0,0,0,0,0,0,0,0,0,0,0,0,0,0,0,0,0,0,0,0,0,0,0,0,0,0,0,0,0,0,0,0,0,0,0,0,0,0,0,0,0,0,0,0,0,0,0,0,0,0,0,0,0,0,0,0,0,0,0,0,0,0,0,0,0,0,0,0,0,0,0,0,0,0,0,0,0,0,0,0,0,0,0,0,0,0,15,70,70,0,0,14,0,37,40,0,57,0,12,0,0,0,0,0,0,0,0,0,32,0,0,0,0,0,14,58,0,0,24,13,26,0,0,39,0,0,0,0,39,0,0,40,31,0,33,0,0,0,0,0,14,19,0,0,0,0,34,0,0,38,0,44,34,0,0,11,67,0,0,0,0,0,0,0,18,0,0,0,0,0,21,13,0,98,0,0,0,30,40,44,0,15,42,0,0,53,29,0,0,19,16,22,80,20,0,0,83,0,0,23,31,0,21,13,47,0
FeatureID272,0,0,0,0,42,0,0,32,0,43,0,0,0,0,0,0,0,0,0,0,0,34,0,0,0,0,0,70,0,0,49,32,0,0,0,0,0,0,0,0,0,0,0,0,32,0,232,0,42,0,0,22,0,61,126,37,0,0,0,0,0,0,0,0,46,56,0,0,0,0,0,0,0,0,0,0,0,44,0,0,0,0,0,0,0,0,0,0,0,0,0,16,0,0,0,0,0,0,0,0,0,0,0,0,0,0,0,0,0,130,0,0,0,0,38,0,0,0,0,0,0,0,38,77,45,0,0,0,0,31,39,53,0,0,0,0,0,35,0,0,0,0,0,33,109,98,0,0,0,0,0,0,0,0,0,0,0,0,0,0,0,59,0,0,0,0,0,0,0,0,53,47,0,0,0,0,0,0,0,0,0,46,0,0,0,0,0,0,0,0,0,0,0,0,0,0,57,0,0,37,0,0,0,0,0,0,0,0,0,0,0,0,0,0,0,0,0,0,0,0,0,0,0,0,0,0,0,0,0,0,0,0,0,0,34,0,0,0,0
FeatureID273,33,65,0,34,85,76,67,88,174,88,69,15,61,75,168,53,44,58,125,0,40,80,93,99,146,105,149,296,50,41,569,141,149,53,87,47,70,99,27,58,0,23,60,88,0,0,122,0,108,40,429,0,0,0,103,64,37,47,0,26,124,121,91,73,96,92,115,62,49,31,45,0,111,83,30,122,136,127,0,36,50,48,68,39,24,0,0,0,28,52,125,0,0,0,151,543,208,181,561,44,0,24,90,45,0,126,78,82,62,107,36,32,34,133,169,52,24,30,76,67,132,35,73,91,56,63,84,62,32,27,43,46,17,37,54,44,23,69,69,85,34,36,69,0,0,39,29,47,156,30,104,47,48,26,38,48,56,0,46,19,70,53,22,19,29,0,0,0,0,0,53,0,0,110,0,73,0,29,0,0,0,0,0,32,0,0,0,46,37,0,0,0,30,21,43,88,40,38,41,74,50,49,41,40,81,25,527,85,55,54,116,144,194,36,77,149,146,107,203,83,91,125,26,105,35,76,38,119,187,233,39,50,282,109,118,70,37,57,79
FeatureID274,137,0,14,148,32,0,464,98,275,43,249,51,45,205,198,229,122,0,0,0,22,243,0,0,0,0,0,0,0,0,0,0,0,0,0,0,0,0,0,0,0,0,0,0,0,0,0,0,36,0,0,0,0,0,0,0,0,0,0,0,0,0,0,0,0,0,0,0,0,0,0,0,0,0,0,0,0,0,0,0,0,0,0,0,0,0,0,0,0,0,0,0,0,0,0,0,0,0,0,0,0,0,0,0,0,0,0,0,0,0,0,0,0,0,0,0,0,0,0,0,0,0,0,0,0,0,0,0,0,0,0,0,0,0,0,0,0,0,0,0,0,0,0,0,0,0,0,0,0,0,0,0,0,0,0,0,0,0,0,0,0,0,0,0,0,0,0,0,0,0,0,0,0,0,0,0,0,0,0,0,0,0,0,0,0,0,0,0,0,0,0,0,0,0,0,0,0,0,0,0,0,0,0,0,0,0,0,0,0,0,0,0,0,0,0,0,0,0,0,0,0,0,0,0,0,0,0,0,0,0,0,0,0,0,0,0,0,0,0
FeatureID275,0,0,0,0,0,0,0,0,0,0,0,0,0,0,0,0,0,0,0,0,0,0,0,0,0,0,0,0,0,559,0,0,0,0,0,0,0,0,0,0,0,0,0,0,0,0,0,0,0,0,28,0,0,0,0,0,0,0,0,0,0,0,0,0,0,0,0,0,0,0,0,0,0,0,0,0,0,0,0,0,0,92,195,165,0,111,0,104,106,101,961,77,27,628,220,0,37,202,48,282,0,217,474,316,156,226,404,137,263,0,81,126,226,0,187,0,323,19,204,0,0,0,0,0,0,0,0,0,0,0,0,0,0,0,0,0,0,0,0,0,0,0,0,0,0,0,0,0,0,0,0,0,0,0,0,0,0,0,0,0,0,0,0,0,0,0,0,0,0,0,0,0,0,0,0,0,0,0,0,0,0,0,0,0,0,0,0,0,0,0,0,0,0,0,0,0,0,0,0,0,0,0,0,0,0,0,0,0,0,0,0,0,0,0,0,0,0,0,0,0,0,0,0,0,0,0,0,0,0,0,0,0,0,0,0,0,0,0,0
FeatureID276,175,244,36,204,178,299,544,264,178,35,100,320,175,170,406,672,351,25,54,0,97,221,377,518,1535,757,139,438,157,377,1785,74,351,119,386,455,450,594,389,44,19,61,121,143,477,397,180,181,276,135,232,29,370,376,208,46,286,82,188,75,121,79,15,336,241,619,122,82,166,0,32,161,18,7,78,209,187,264,0,88,53,29,17,157,4,282,9,343,100,0,414,102,144,519,832,8,5,62,268,46,0,159,164,796,384,143,399,206,486,308,50,57,14,142,162,49,128,7,86,98,68,67,121,90,88,92,64,64,40,65,36,68,61,91,59,44,33,69,62,53,62,91,74,134,100,119,45,92,48,85,77,67,66,42,60,34,45,36,42,84,73,60,69,104,53,64,42,25,102,114,37,30,3,157,67,41,135,70,89,71,48,33,41,65,134,103,56,103,41,39,61,53,19,29,72,106,69,30,66,63,53,141,77,56,79,80,55,88,29,35,52,51,109,118,68,93,79,76,55,65,26,27,108,111,117,62,79,62,58,23,82,44,110,114,45,28,34,39,62
FeatureID277,0,0,0,0,0,0,0,0,0,0,0,0,0,0,0,0,0,0,0,0,0,0,0,0,0,0,0,0,0,470,0,0,0,0,0,0,0,0,0,0,0,0,0,0,0,0,0,0,0,0,41,0,0,0,0,0,0,0,0,0,0,0,0,0,0,0,0,0,0,0,0,0,0,0,0,0,0,0,0,0,0,77,194,159,33,104,0,103,86,77,847,46,0,556,206,0,0,179,64,211,0,186,464,334,140,203,421,136,231,0,72,113,194,0,175,31,318,47,203,0,0,0,0,0,0,0,0,0,0,0,0,0,0,0,0,0,0,0,0,0,0,0,0,0,0,0,0,0,0,0,0,0,0,0,0,0,0,0,0,0,0,0,0,0,0,0,0,0,0,0,0,0,0,0,0,0,0,0,0,0,0,0,0,0,0,0,0,0,0,0,0,0,0,0,0,0,0,0,0,0,0,0,0,0,0,0,0,0,0,0,0,0,0,0,0,0,0,0,0,0,0,0,0,0,0,0,0,0,0,0,0,0,0,0,0,0,0,0,0
FeatureID278,0,0,0,0,0,0,0,0,0,0,0,0,0,0,0,0,0,0,0,0,0,0,0,0,0,0,0,0,0,32,0,0,0,0,0,0,0,0,0,0,0,0,0,0,0,0,0,0,0,0,0,0,0,0,0,0,0,0,0,0,0,0,0,0,0,0,0,0,0,0,0,0,0,0,0,0,0,0,0,0,0,2,8,5,0,4,0,3,6,3,60,4,0,12,8,0,0,2,1,7,0,9,27,15,3,6,8,6,4,0,2,2,15,0,3,0,13,0,7,0,0,0,0,0,0,0,0,0,0,0,0,0,555,138,106,99,0,0,0,0,0,0,0,0,0,0,0,0,0,0,0,0,0,0,0,434,369,388,0,0,0,0,0,0,0,0,0,97,287,228,0,0,0,0,0,0,0,0,257,260,174,0,0,0,0,0,0,0,0,109,48,420,0,0,0,0,0,0,0,0,0,0,0,0,0,0,226,157,0,0,0,0,0,0,0,0,0,324,227,0,0,0,0,0,0,0,0,0,257,217,0,0,0,0,0,0,0,0,0
FeatureID279,186,256,19,484,561,566,160,14,24,42,172,127,149,57,394,272,355,35,102,6,153,250,219,273,175,1182,40,83,163,30,219,79,35,48,186,234,414,576,450,126,20,52,258,91,367,38,54,11,14,56,66,67,114,142,165,0,206,72,168,114,215,199,71,600,155,219,204,208,185,0,71,247,61,0,215,147,150,616,0,24,42,46,165,90,0,10,0,199,121,0,233,85,0,414,41,0,14,20,42,14,0,35,211,67,104,8,261,40,139,150,90,30,11,105,72,0,68,0,24,232,319,87,227,160,47,256,93,73,333,294,177,296,241,402,274,218,103,226,193,247,148,133,40,122,149,109,121,65,70,142,263,68,178,63,99,77,176,123,209,192,157,190,56,243,165,87,99,134,203,224,161,61,17,165,169,102,292,322,265,202,87,138,157,118,237,175,251,185,93,68,122,215,62,68,219,197,250,199,313,256,127,146,122,60,177,210,129,67,103,71,131,90,169,255,246,273,198,307,183,160,31,61,162,223,279,141,228,237,203,112,219,42,307,158,102,170,145,102,147
FeatureID280,153,167,45,55,0,0,96,76,51,0,194,0,104,67,73,0,0,0,0,0,122,85,0,43,0,0,0,0,0,0,0,0,0,0,0,79,134,0,0,0,0,0,0,0,0,0,0,0,0,0,0,0,0,0,0,0,0,0,0,0,0,0,0,0,0,128,72,157,0,0,168,0,0,81,0,0,0,0,0,0,0,0,43,0,86,0,0,0,0,0,0,0,0,133,0,0,57,0,0,0,0,0,0,0,66,0,33,134,0,0,0,0,0,0,0,0,0,0,0,286,1019,31,447,166,67,378,660,129,0,342,256,406,564,414,199,135,113,320,408,385,867,0,0,0,0,0,0,37,0,88,0,0,0,0,0,0,0,195,0,0,0,0,0,427,367,221,290,416,309,0,120,429,96,169,286,139,233,144,207,167,0,164,294,206,106,350,656,134,228,109,342,0,307,259,353,138,0,109,514,445,93,54,0,34,0,42,0,81,0,0,0,0,0,0,83,0,39,0,0,0,0,0,78,0,0,61,0,0,0,48,0,0,0,101,0,0,0,0,0
FeatureID281,26,66,36,57,39,113,268,222,59,176,111,21,73,82,81,68,83,40,103,0,81,274,97,108,325,152,74,205,59,37,132,49,29,33,66,27,104,149,95,57,17,51,42,94,46,39,53,22,41,35,65,10,39,44,72,174,75,155,18,89,164,223,65,68,64,306,56,61,71,12,52,48,25,53,39,53,50,78,0,29,70,26,29,46,56,13,12,23,113,17,197,15,49,121,138,69,14,71,112,0,0,50,54,115,83,43,140,88,243,61,88,88,69,58,739,419,49,42,53,13,47,40,76,38,50,38,25,30,38,20,8,22,20,66,31,24,27,32,46,20,15,23,26,22,37,30,8,0,0,0,11,8,17,15,8,5,16,9,13,17,28,17,10,14,0,13,48,10,30,41,16,18,23,87,18,14,22,33,7,11,23,41,19,54,39,18,14,25,31,0,24,15,12,33,34,19,9,14,23,25,20,32,25,33,23,28,36,36,0,6,56,40,12,28,28,27,22,69,38,12,8,14,20,40,40,21,21,12,17,25,27,8,39,19,14,5,10,19,11
FeatureID282,36,62,13,0,7,13,355,242,156,241,119,34,23,306,134,70,41,19,182,0,29,154,164,302,136,202,282,698,105,271,624,421,910,340,368,696,482,399,101,187,46,43,139,506,0,0,0,0,0,0,1714,0,0,0,0,0,0,393,43,186,212,88,104,0,0,0,150,60,112,20,33,21,256,132,0,26,87,90,0,21,52,438,304,228,244,29,232,215,127,209,190,296,207,383,707,3208,1022,1477,2004,596,12,421,646,473,46,1137,1018,4579,381,0,186,137,129,289,130,33,62,296,402,14,12,32,16,14,19,10,15,21,43,25,17,18,0,0,24,8,14,21,14,15,12,12,24,6,26,8,0,27,18,0,19,0,12,16,8,10,0,19,48,0,34,25,7,0,0,0,0,7,0,0,8,11,0,196,7,42,0,0,0,12,9,13,0,0,15,12,0,9,10,0,0,0,13,13,16,14,6,17,0,8,9,27,0,37,7,6,45,15,32,19,12,29,31,14,24,0,0,0,0,18,7,16,18,36,27,8,0,0,0,0,22,20,14,19,26,101,32,15,17
FeatureID283,0,0,0,0,0,0,0,0,0,0,0,0,0,0,0,0,0,0,0,0,0,0,0,0,0,0,0,0,0,0,0,0,0,0,0,0,0,0,0,0,0,0,0,0,49,18,665,27,146,92,0,37,104,61,577,487,26,220,0,19,738,598,65,299,290,427,372,124,581,301,126,53,64,178,71,174,213,23,0,0,55,0,0,0,0,0,0,0,0,0,0,0,0,0,0,0,0,0,0,0,0,0,0,0,0,0,0,0,0,379,0,0,0,0,0,0,0,0,0,0,0,0,0,0,0,0,0,0,0,0,0,0,0,0,0,0,0,0,0,0,0,0,0,0,0,0,0,0,0,0,0,0,0,0,0,0,0,0,0,0,0,0,0,0,0,0,0,0,0,0,0,0,0,0,0,0,0,0,0,0,0,0,0,0,0,0,0,0,0,0,0,0,0,0,0,0,0,0,0,0,0,0,0,0,0,0,0,0,0,0,0,0,0,0,0,0,0,0,0,0,0,0,0,0,0,0,0,0,0,0,0,0,0,0,0,0,0,0,0
FeatureID284,0,0,0,0,0,0,0,0,0,0,0,0,0,0,0,0,0,0,0,0,0,0,0,0,0,0,0,0,0,0,0,0,0,0,45,0,0,0,0,0,0,0,0,0,0,0,0,0,0,0,0,0,0,0,0,0,0,0,0,0,0,0,0,0,0,0,0,0,59,0,0,0,0,0,0,0,0,0,0,0,0,0,0,0,74,0,0,0,0,0,0,0,0,0,0,0,0,0,0,0,0,0,0,0,0,37,0,0,0,0,0,0,0,0,0,0,0,0,0,0,0,0,0,0,32,0,0,0,0,0,0,0,0,0,0,0,0,0,0,0,0,67,0,0,28,0,25,0,116,55,56,35,75,0,149,64,0,0,117,232,0,0,0,0,0,0,0,0,0,0,0,0,0,0,0,22,0,37,0,0,30,0,0,0,0,0,0,0,0,0,0,0,0,0,0,0,0,0,0,65,34,40,0,0,0,21,386,59,128,0,27,34,40,41,0,109,41,65,215,117,25,0,106,110,41,106,65,38,28,57,44,63,57,40,42,149,101,150,0
FeatureID285,63,78,0,4,7,24,30,25,20,20,13,0,0,4,7,0,7,6,16,0,31,12,74,59,136,41,47,149,47,48,171,6,85,37,23,19,34,43,13,11,3,7,21,24,6,7,6,10,5,3,43,5,9,13,52,9,5,7,11,0,10,20,0,5,8,88,13,4,4,8,5,6,7,14,3,29,38,0,0,0,4,6,7,11,20,14,15,66,8,18,38,26,11,22,23,40,9,31,0,9,29,25,50,41,8,4,45,46,27,19,21,10,12,48,27,100,25,20,12,11,8,0,6,0,9,0,0,0,0,0,0,0,13,0,0,0,0,11,0,0,0,0,0,0,0,0,0,0,0,0,0,0,0,0,0,0,0,0,0,14,0,0,0,0,0,0,0,0,0,0,12,0,0,42,0,0,0,0,0,0,0,0,0,0,39,0,0,0,0,0,0,0,0,0,10,23,0,0,0,0,8,5,0,0,0,0,0,6,0,0,0,6,30,5,0,0,0,0,0,0,0,6,10,17,0,0,0,4,0,0,0,0,0,7,0,0,0,0,0
FeatureID286,0,0,0,0,0,0,6,0,0,0,0,0,0,0,0,0,0,0,0,0,0,0,0,0,0,0,7,0,0,0,0,0,0,0,0,0,0,0,0,0,0,0,0,0,0,0,0,0,0,0,0,0,0,0,0,0,0,0,0,0,0,0,0,0,0,0,0,0,0,0,0,0,0,0,0,0,0,0,0,0,0,0,0,0,0,0,0,0,0,0,0,0,0,0,0,0,0,0,0,0,0,0,0,0,0,0,0,0,0,0,0,0,0,0,0,0,0,0,0,0,0,0,0,0,12,0,0,0,0,0,0,0,0,0,0,0,0,0,18,0,0,9,0,0,15,7,0,0,10,0,11,0,0,0,0,0,0,0,0,10,24,11,0,15,0,9,26,0,0,0,19,8,0,21,7,39,0,11,0,0,0,6,0,0,44,22,0,15,29,0,0,0,16,20,0,0,0,9,9,9,12,9,13,19,12,9,18,0,16,24,19,32,33,16,12,19,13,24,19,13,0,18,21,23,0,15,0,16,13,18,0,0,21,10,8,0,0,24,14
FeatureID287,52,241,886,32,107,212,64,8,173,156,312,122,42,148,750,167,61,189,247,19,724,309,879,15,540,103,20,33,639,18,384,60,356,33,15,218,96,75,629,544,22,133,342,501,15,0,229,6,42,25,165,38,16,15,42,6,16,119,10,159,499,485,27,83,137,45,1588,214,91,14,250,517,620,21,18,1002,665,184,0,299,169,321,738,22,11,4,10,346,59,59,255,581,0,6,3,41,45,20,15,54,0,398,71,14,0,171,113,16,3,135,86,36,16,81,548,17,235,54,173,71,712,387,673,79,177,53,255,114,12,31,50,24,37,10,13,32,13,119,187,51,24,22,268,3,15,167,4,22,1148,0,96,42,84,3,32,45,81,26,88,16,128,9,11,3,26,12,15,4,3,4,188,3,0,17,6,14,5,99,0,32,12,219,53,7,261,126,6,14,55,162,6,10,16,33,0,230,30,11,52,162,25,39,0,9,18,0,113,5,116,11,184,17,724,6,17,10,9,6,591,91,25,65,12,66,10,9,28,121,542,406,7,0,335,5,266,18,88,21,67
FeatureID288,0,0,0,0,0,0,0,0,0,0,0,0,0,0,0,0,0,0,0,0,0,0,0,0,0,0,13,0,0,0,0,6,0,0,0,0,0,0,4,0,0,0,0,0,0,0,0,0,0,0,0,0,24,0,0,0,0,0,0,0,0,0,0,34,0,0,0,0,0,0,0,0,0,0,10,0,0,0,0,0,0,0,0,0,0,0,0,0,0,0,0,0,0,0,0,0,0,0,0,0,0,0,0,0,0,0,0,0,0,0,0,0,0,0,34,19,0,0,0,692,326,435,962,274,484,619,463,530,2804,213,40,69,248,0,3,312,2041,1890,711,636,459,0,0,0,0,0,0,0,0,0,0,0,0,0,0,0,0,18,0,0,0,0,0,928,867,488,897,472,831,1042,634,724,64,740,1167,1019,942,679,914,1452,1248,680,1000,1173,2021,1362,1076,871,597,455,1118,816,712,745,1488,1307,2834,1948,1226,755,950,508,364,231,351,432,323,548,117,259,273,577,437,219,162,683,426,540,515,131,111,136,425,376,242,280,631,416,305,329,242,159,325,289,149,1036,338,369,526
FeatureID289,47,72,28,54,73,53,60,25,23,80,43,21,20,0,85,69,55,21,14,0,31,71,112,85,42,142,34,45,72,46,89,96,19,0,39,24,0,41,18,23,0,19,30,29,35,0,0,0,0,0,0,35,82,96,35,0,46,0,23,36,28,0,0,90,73,44,31,41,36,0,39,24,17,14,86,183,51,217,0,39,23,0,0,0,0,0,0,0,0,0,31,0,0,0,0,0,0,0,0,0,0,0,0,42,11,0,0,0,0,0,0,0,0,55,58,0,0,0,0,395,390,228,451,406,417,443,391,346,641,308,103,180,207,349,172,265,365,633,319,319,292,247,240,713,385,492,187,535,259,343,1183,279,402,172,181,111,104,234,272,487,442,388,252,695,515,478,674,540,807,424,431,291,101,482,717,986,900,617,393,1080,604,472,458,523,962,805,717,722,638,403,601,516,459,297,932,791,883,527,601,589,314,502,347,490,413,449,210,390,194,169,252,492,606,576,458,709,567,469,254,237,55,286,614,644,481,288,510,459,213,221,382,151,491,347,1042,400,196,362,351
FeatureID290,0,0,0,0,0,0,0,0,0,0,0,0,0,0,0,0,0,0,0,0,0,0,0,0,0,0,0,0,0,18,0,0,0,0,0,0,0,0,0,0,0,0,0,0,0,0,0,0,0,0,0,0,0,0,0,0,0,0,0,0,0,0,0,0,0,0,0,0,0,0,0,0,0,0,0,0,0,0,0,0,0,13,0,5,0,0,0,0,67,0,223,32,0,0,0,0,0,0,0,0,0,64,0,102,57,0,0,0,0,0,27,70,22,0,98,0,22,0,71,0,0,0,0,0,0,0,0,0,0,0,0,0,182,197,150,135,0,0,0,0,0,0,0,0,0,0,0,0,0,0,0,0,0,0,0,111,271,147,0,0,0,0,0,0,0,0,0,0,279,376,0,0,0,0,0,0,0,0,0,191,241,0,0,0,0,0,0,0,0,0,189,292,0,0,0,0,0,0,0,0,0,0,0,0,0,0,62,773,0,0,0,0,0,0,0,0,0,123,535,0,0,0,0,0,0,0,0,0,48,313,0,0,0,0,0,0,0,0,0
FeatureID291,58,159,14,440,219,328,296,7,14,123,20,31,28,23,120,22,50,25,73,0,70,127,160,99,122,137,0,50,148,35,193,167,110,21,68,69,35,53,38,60,9,54,162,127,0,6,0,0,0,0,58,0,24,0,0,6,109,13,85,41,64,12,32,100,189,220,92,228,173,9,261,578,111,9,72,239,243,111,0,40,25,41,46,63,0,257,21,176,6,0,72,147,30,71,165,0,9,128,102,0,0,21,78,30,24,21,14,88,108,0,60,59,20,123,92,22,16,0,14,183,22,0,151,43,67,159,20,9,1497,36,15,22,40,50,50,27,144,154,122,101,80,81,50,163,248,78,31,250,48,114,855,49,86,47,65,31,26,61,578,207,140,70,50,67,67,40,61,27,252,129,35,8,0,28,144,38,40,69,72,396,203,13,12,20,60,89,88,71,91,59,292,220,24,22,33,13,475,229,236,112,6,126,91,64,110,231,183,148,5,6,114,98,171,160,94,278,286,309,52,34,6,72,71,228,197,43,213,253,137,120,65,10,177,74,1192,458,71,50,71
FeatureID292,0,0,0,0,0,0,0,0,0,0,0,0,0,0,0,0,0,0,0,0,0,0,0,0,0,0,0,0,0,96,0,0,0,0,0,0,0,0,0,0,0,0,0,0,0,0,0,0,0,0,0,0,0,0,0,0,0,0,0,0,0,0,0,0,0,0,0,0,0,0,0,0,0,0,0,0,0,0,0,0,0,34,22,75,0,0,0,116,34,0,124,25,0,147,128,0,9,52,31,26,0,76,69,185,135,40,98,76,183,0,31,35,32,0,26,0,33,0,27,0,0,0,0,0,0,0,0,0,0,0,0,0,0,0,101,67,0,0,0,0,0,0,0,0,0,0,0,0,0,0,0,0,0,0,0,0,0,0,0,0,0,0,0,0,0,0,0,0,0,0,0,0,0,0,0,0,0,0,0,0,0,0,0,0,0,0,0,0,0,0,0,0,0,0,0,0,0,0,0,0,0,0,0,0,0,0,0,0,0,0,0,0,0,0,0,0,0,0,0,0,0,0,0,0,0,0,0,0,0,0,0,0,0,0,0,0,0,0,0
FeatureID293,49,137,39,722,426,721,335,217,164,34,61,69,87,51,340,319,375,44,123,0,168,228,293,84,719,712,111,516,126,103,1330,105,9,8,66,153,105,142,159,95,6,24,118,65,189,40,128,4,40,84,15,28,115,69,104,0,65,16,55,83,116,105,29,526,275,72,81,143,48,6,41,96,20,121,246,255,493,384,0,65,79,60,95,22,7,221,0,72,50,10,557,20,0,142,38,8,50,0,9,40,0,33,156,61,4,0,56,18,79,94,45,20,170,208,100,6,105,10,35,636,519,172,657,304,317,584,379,325,255,237,112,194,144,307,193,156,128,208,126,191,161,597,290,618,618,487,236,583,278,318,215,166,279,145,139,84,96,63,171,154,190,276,147,375,177,127,189,149,304,171,108,54,10,262,386,199,239,245,268,313,169,124,118,239,558,247,317,169,235,111,91,170,104,72,339,478,144,159,262,184,111,628,184,120,292,182,98,109,82,90,267,362,543,240,288,329,169,227,109,115,35,190,404,637,332,197,262,227,173,87,185,43,510,386,96,128,128,118,118
FeatureID294,0,0,0,0,0,0,0,0,0,0,0,0,0,0,0,0,0,0,0,0,0,0,0,0,0,0,0,0,0,189,0,0,0,0,0,0,0,0,0,0,0,0,0,0,0,0,0,0,0,0,628,0,0,0,0,0,0,0,0,0,0,0,0,0,0,0,0,0,0,0,0,0,0,0,0,0,0,0,0,0,0,164,398,273,8,711,23,890,185,0,927,508,31,715,1691,0,36,538,344,191,117,603,308,771,218,322,1818,383,539,0,212,275,173,0,0,137,392,81,373,0,0,0,0,0,0,0,0,0,0,0,0,0,0,0,0,0,0,0,0,0,0,0,0,0,0,0,0,0,0,0,0,0,0,0,0,0,0,0,0,0,0,0,0,0,0,0,0,0,0,0,0,0,0,0,0,0,0,0,0,0,0,0,0,0,0,0,0,0,0,0,0,0,0,0,0,0,0,0,0,0,0,0,0,0,0,0,0,0,0,0,0,0,0,0,0,0,0,0,10,0,0,0,0,0,0,0,0,0,0,0,0,0,0,0,0,0,0,0,0
FeatureID295,782,1056,224,998,654,290,332,332,359,11,303,190,145,308,637,274,1127,53,101,21,443,295,951,970,664,1367,375,557,452,320,1559,103,622,717,1267,480,1798,2037,368,314,44,74,523,859,837,830,401,711,653,250,711,67,1100,926,363,114,367,260,200,379,80,178,67,1689,372,1611,312,26,185,0,146,293,152,0,543,180,345,246,0,101,74,104,186,388,0,1182,13,1445,224,17,145,439,432,716,1253,12,0,799,653,87,84,977,519,118,370,510,469,198,340,928,40,69,175,542,600,204,224,63,180,802,1766,2218,1156,2465,1844,1658,2507,1911,274,1537,1217,1685,741,14,541,130,139,370,694,1137,1502,476,1924,901,1367,1369,661,1344,2454,1000,317,1862,3144,1114,1352,1426,616,352,609,448,532,151,80,203,248,426,238,50,388,303,120,161,19,427,253,457,968,626,414,317,142,81,208,206,245,193,110,560,106,175,216,143,70,99,295,383,188,91,272,374,238,634,453,472,130,59,44,166,75,106,114,290,336,545,736,552,37,77,121,108,47,73,379,449,701,534,365,27,56,63,84,82,281,282,154,298,377,139,103
FeatureID296,133,312,88,295,17,100,701,35,160,62,61,215,91,94,353,314,44,97,29,5,39,258,236,406,686,396,102,159,514,343,902,33,270,46,351,472,108,754,239,58,44,227,346,90,30,4,0,0,5,0,12,0,16,0,5,23,33,0,0,3,6,0,112,106,259,258,191,323,199,0,59,198,54,0,159,220,297,271,0,121,62,41,11,46,0,0,0,0,59,0,152,198,4,656,456,0,0,85,0,5,0,14,5,386,31,15,0,359,60,0,106,72,17,523,0,0,43,5,65,140,581,418,301,291,607,735,636,636,444,471,183,155,223,474,218,525,327,472,503,210,216,25,16,39,101,43,4,56,0,9,162,159,448,255,215,137,262,901,321,487,316,104,120,638,799,470,775,816,685,641,286,200,25,329,754,670,843,682,1351,767,435,79,254,271,420,742,979,744,639,602,395,724,192,302,414,390,238,84,285,251,563,319,243,545,111,189,113,241,86,42,437,129,181,219,511,343,262,337,194,150,55,108,146,200,244,491,303,254,187,194,125,80,447,162,187,245,525,498,446
FeatureID297,369,371,328,858,904,1341,436,112,674,50,518,531,423,414,1389,1296,1511,24,195,7,220,580,935,928,725,2668,285,615,437,770,1582,161,232,298,684,874,685,1255,1251,236,57,293,472,495,1758,1049,938,521,392,663,118,95,170,855,632,379,900,358,929,1176,964,507,139,1855,1347,799,581,465,265,0,190,174,223,54,295,378,861,242,0,176,143,387,634,908,0,12,7,414,198,11,1276,374,12,1069,348,25,54,896,232,38,0,456,1522,516,723,253,664,211,836,765,222,305,512,674,163,40,325,102,143,774,669,447,955,716,383,846,607,428,598,367,173,224,253,426,196,190,296,440,340,380,376,369,444,546,429,535,186,495,565,442,492,300,193,148,161,119,218,211,480,278,322,282,136,448,356,345,379,236,356,642,318,153,64,487,430,273,618,572,244,320,351,248,31,295,770,487,291,447,339,224,170,300,248,110,320,616,511,376,480,397,146,484,263,169,361,180,166,241,145,94,526,430,443,371,237,347,255,204,164,225,70,278,378,526,342,151,245,182,166,185,279,73,570,312,331,196,219,156,266
FeatureID298,280,513,51,341,367,260,1093,155,39,54,187,130,84,176,531,401,295,66,105,17,296,441,1074,1791,2461,1099,610,765,439,135,2802,230,611,246,850,796,1123,1229,618,129,36,110,457,769,473,461,256,413,353,136,14,50,321,503,283,93,549,385,390,660,442,284,73,725,690,1614,417,145,229,0,112,207,167,23,486,436,323,282,0,114,124,38,47,101,0,141,0,125,40,0,156,41,11,76,18,0,0,53,158,29,0,51,98,468,101,37,175,61,55,468,40,51,14,543,60,0,40,0,23,0,0,0,0,10,16,6,8,0,28,0,0,0,23,16,11,0,13,0,0,0,0,403,302,798,478,323,60,595,324,380,431,221,458,94,191,247,254,44,795,226,215,226,220,141,79,142,131,0,9,24,173,16,0,485,116,272,383,330,0,25,14,59,56,143,155,122,155,232,68,9,28,10,74,27,80,243,37,14,34,94,58,13,0,27,54,90,15,104,49,79,153,29,15,12,44,41,25,53,63,68,15,0,36,19,19,25,34,0,50,19,88,75,81,64,173,43,22,112,14
FeatureID299,0,0,0,0,0,0,0,0,0,0,0,0,0,0,0,0,0,0,0,0,0,0,0,0,0,0,0,0,0,0,0,0,0,0,0,0,0,0,0,0,0,0,0,0,0,0,0,0,0,0,0,0,2,0,0,0,0,0,0,0,0,0,0,0,0,0,0,0,0,0,0,0,0,0,0,0,0,0,0,0,0,0,0,0,0,0,0,0,0,0,0,0,0,0,0,0,0,0,0,0,0,0,0,0,0,0,0,0,0,0,0,0,0,0,0,0,0,0,0,23,40,34,15,28,0,8,26,21,0,0,0,0,0,0,0,0,0,0,0,0,0,17,15,143,16,15,21,0,6,0,0,0,0,0,0,0,0,0,0,0,0,0,0,37,0,0,0,0,0,0,0,0,0,4,49,0,0,0,0,0,0,0,0,17,23,0,0,0,0,0,0,0,0,0,64,42,0,0,0,0,0,20,0,0,0,0,0,0,0,0,15,167,10,0,0,0,0,0,0,0,0,63,13,20,0,0,0,0,0,0,0,0,35,37,0,0,0,0,0
FeatureID300,0,0,0,0,0,0,0,0,0,0,0,0,0,0,0,0,0,0,0,0,0,0,0,0,0,0,0,0,0,0,0,0,0,0,0,0,0,0,0,0,0,0,0,0,0,0,0,0,0,0,0,0,0,0,0,0,0,0,0,0,0,0,0,0,0,0,0,0,0,0,0,0,0,0,0,0,0,0,0,0,0,0,0,0,0,0,0,0,0,0,0,0,0,0,0,0,0,0,0,0,0,0,0,0,0,0,0,0,0,0,0,0,0,0,0,0,0,0,0,0,0,0,0,0,0,0,0,0,0,0,0,0,0,117,280,257,0,0,0,0,0,0,0,0,0,0,0,0,0,0,0,0,0,0,0,13,440,946,0,0,0,0,0,0,0,0,0,0,0,177,0,0,0,0,0,0,0,0,0,0,140,0,0,0,0,0,0,0,0,0,0,0,0,0,0,0,0,0,0,0,0,0,0,0,0,0,0,0,0,0,0,0,0,0,0,0,0,0,0,0,0,0,0,0,0,0,0,0,0,0,0,0,0,0,0,0,0,0,0
